baseMean,log2FoldChange,lfcSE,stat,pvalue,padj,gene
86.05591980523391,-1.3053559750221375,0.16277060724214423,-8.019604995883785,1.0608575579840518e-15,8.476251888292574e-13,SELL
62.00759444589505,-2.6589797218744153,0.38313150579043864,-6.940122860396651,3.917590837172132e-12,1.5650775394502669e-09,NR4A1
53.33162474942052,2.0504529685409905,0.2992276184030331,6.852485674565013,7.2577656752664786e-12,1.932984924845972e-09,TYROBP
23.38462963640587,-1.873628340581312,0.29505212819397425,-6.350160400637899,2.1509053673436798e-10,4.296433471269e-08,CD83
165.2029209812657,1.6824782137506562,0.2760354297366123,6.095153130726894,1.093327406520875e-09,1.7471371956203585e-07,S100A10
253.19076193265423,0.7066497865666752,0.12947225526994469,5.457924441752694,4.817325606642206e-08,6.415071932845204e-06,TAGLN2
6.675640275082903,-1.0339428754116997,0.19272344971260752,-5.364904358828844,8.099212334684469e-08,9.244672364875558e-06,ZNF844
96.77904108567049,-2.819389126956202,0.5280473153080006,-5.339273669655346,9.331968803523301e-08,9.320303842518896e-06,AREG
42.28336465766406,-2.0650282035772642,0.3933247414307965,-5.25018638813647,1.5194538600158427e-07,1.3489373712807313e-05,NR4A2
34.47394285536851,-1.079258609460977,0.20681863590374716,-5.218381819147386,1.8049308701976948e-07,1.4421397652879583e-05,NEU1
14.45725653076713,0.951116712663883,0.19592206019671882,4.854566717545224,1.206502461419973e-06,8.763595151586896e-05,IL3RA
45.76934185318693,1.0246929625036998,0.21993691321723477,4.659031299087099,3.1770089898185135e-06,0.00021153584857208266,PLP2
11.25379245861865,1.4898960717948493,0.32139971320086885,4.63564841722087,3.558203103761281e-06,0.0002186926369157895,TUBB6
13.580133814473061,-1.0490167524334686,0.23104548869072222,-4.540303982466776,5.617318124790123e-06,0.00032058837012195057,IL6ST
16.471020351769887,-1.4229484789986857,0.3181033085466075,-4.473227535733725,7.70477148172444e-06,0.0004104074942598552,PTGS2
9.583617189497266,-1.5076025357530785,0.33978729574662253,-4.43690083362413,9.126331097026609e-06,0.00045574615915776627,PTCH2
29.074266215433425,-0.9964132647365751,0.231097472923077,-4.31165798627422,1.6203493560168335e-05,0.0007615641973279118,PTGER4
30.52743112559101,0.5469603751875034,0.13014992368971234,4.202540882709235,2.6393556111960944e-05,0.0011355321268775552,VDAC1
268.5704532243925,0.6904751271274174,0.1645016468810039,4.197375164437647,2.7002641314985668e-05,0.0011355321268775552,CD99
104.87072926518873,0.5368291423664099,0.12883845598429974,4.166684071655034,3.090623502132441e-05,0.0012347040891019102,CD63
28.403086022863743,0.5592793257852854,0.13634238803606918,4.102020903706988,4.095572617368545e-05,0.0015582678672749846,CAPNS1
46.58820290542086,-2.078659942650504,0.5175414074911662,-4.016412817530903,5.9090709709356725e-05,0.0021460671389898194,EREG
27.510730434534942,1.2265169273856578,0.30757852561806875,3.987654615747354,6.672971486348014e-05,0.0023181322685182884,CD9
163.4456590921919,-0.9093188918434876,0.22991901578241233,-3.9549529591934083,7.654971203517782e-05,0.0025484674965044617,CD69
4.841372577724693,1.573891630772566,0.40899272893896144,3.848214208735861,0.00011898199516984522,0.0038026645656282533,ITGAX
11.902118363274704,1.2192767647606353,0.32027219659599143,3.807001599638374,0.0001406618358420145,0.004038103247790021,FCER1G
1183.6708484672395,0.8776647064425617,0.2306297927499944,3.805513138512687,0.00014151050179990061,0.004038103247790021,VIM
42.21316938497529,-1.1333973462366873,0.29718207971920957,-3.8138145722230963,0.0001368381543121589,0.004038103247790021,CXCL3
236.1874528916581,0.4889977001846565,0.13012050590993546,3.758037188413043,0.00017125143407380636,0.004718272269826596,PFN1
44.715701564491916,0.7732467503059949,0.20696142124055772,3.736187863762426,0.00018683110903991744,0.004975935204096468,TIMP1
148.64095097096876,0.7118160684062702,0.191322861149667,3.7204966731572897,0.00019883136137999728,0.004996312829441879,CYBA
3.9324947354099717,2.232847035192835,0.6004073567675063,3.718886869098529,0.00020010264147952457,0.004996312829441879,IL2RA
9.005308986038617,1.8890481742609793,0.5123772067894165,3.6868310089316,0.00022706403373503627,0.005497701907705878,CCL5
16.109965058016808,-1.177042894079913,0.32446215228569986,-3.627673939127073,0.0002859861057130816,0.006347302735132005,PDE4B
77.22379738371923,0.8668940300841621,0.2387809289217758,3.630499445657802,0.0002828733123339506,0.006347302735132005,HCST
1171.8473121132774,-0.5728878825825462,0.1575240067769155,-3.636829041517884,0.0002760149905820865,0.006347302735132005,FTH1
143.01730168419928,0.7241213236752567,0.20738027703831705,3.4917559857510603,0.0004798564075565293,0.010362304584801807,EMP3
29.03883404643098,0.5275682408444277,0.15145982657269905,3.483222269445824,0.0004954168589919179,0.010416791324593222,SLC9A3R1
6.585138909180637,2.074647887560691,0.5986548059770375,3.4655161319130343,0.0005292147769821857,0.010842118123301702,ALOX5AP
53.78987963857142,-2.04494523119104,0.5921029409065754,-3.4536988248361027,0.0005529545292953576,0.011045266722674769,AVP
51.304427125048974,-1.1901153247975602,0.3537038737589359,-3.3647223372189408,0.0007662072340284966,0.0149316970728968,CXCR4
51.80649361752806,-1.1367596370104902,0.34603431711212707,-3.2851066521305197,0.0010194377507876263,0.019393589592364608,CXCL2
26.582503069749126,0.42953378204583176,0.1313711580286421,3.2696201243212224,0.0010769200091225763,0.020010676448579963,TNFRSF1A
14.259786361390397,1.0284766536018501,0.31665675673684046,3.2479226535392454,0.0011625086717304053,0.02111010065255895,IL1RAP
35.29332751877647,-0.40646938654920356,0.12593011778697907,-3.227737682551677,0.0012477333576194395,0.021802240889315146,SLC3A2
4.07264333265898,1.6294742864146476,0.5051018771670024,3.226030945586632,0.0012551978484461785,0.021802240889315146,SUCNR1
6.16781966808243,-0.7944882518917206,0.24721761424433059,-3.213720245299797,0.0013102726604984757,0.021810580327880875,PKD1
2.798347919086898,1.2197913251532315,0.37908250713798264,3.2177462747159646,0.0012920205508795087,0.021810580327880875,TBXA2R
9.913551328384877,1.7579965656977419,0.548630072193495,3.2043386879414775,0.0013537312597475958,0.022074107684455696,CD96
39.306833009186825,0.5834494546665498,0.1832635705427777,3.1836630320937687,0.0014542419437349834,0.023238786260885037,CTSC
3.41476017143175,0.6273607144225495,0.19920513753602995,3.149319953201908,0.001636509151813284,0.025638643378408113,MFSD5
23.797550960374792,0.732693556737273,0.23445934564135407,3.1250345544257123,0.0017778417447118567,0.027138191348523244,IL2RG
2.0820718534460974,-0.9786957109525779,0.3135474729342874,-3.1213637341535545,0.0018001553710534817,0.027138191348523244,IL12A
10.26877411498713,-0.7604586860906811,0.24829155777976603,-3.0627649723201866,0.0021930222561104334,0.03132380591268896,CLDN15
5.2518662988072675,-0.8451243085948522,0.2768461478804964,-3.0526858150818814,0.002268032645520204,0.03132380591268896,TNFRSF10D
3.4383663864576013,1.0104225409322258,0.3293560334019936,3.0678731781389916,0.002155880911122328,0.03132380591268896,CALHM2
20.442715661880847,0.5727012006454101,0.18741779270239547,3.055746161490729,0.00224501231779255,0.03132380591268896,CTSA
23.81757033220787,0.6190603766896802,0.20284284738495334,3.051921153102495,0.002273818201421727,0.03132380591268896,S1PR4
20.288476376245622,-0.3931705198094668,0.12952794317361366,-3.0354108169731226,0.0024020825152953566,0.031987732162016495,MIA3
45.11684715654424,0.5243071940906204,0.17262631578346985,3.0372379304455177,0.0023875691553250054,0.031987732162016495,TGFB1
97.61990927537327,0.2675986896837732,0.08916528293299482,3.0011533736158955,0.0026895905777574824,0.03469310374974491,RTN4
32.52684046684837,0.4159708765870416,0.13861668653167472,3.000871590535313,0.002692080641406989,0.03469310374974491,GNPTAB
16.028337515511076,0.39911881108305014,0.13381799846862288,2.982549549765041,0.002858583721322646,0.03625410148153642,TMEM30A
3.788505830236086,-0.7621497997073423,0.2583747448241406,-2.949784431238006,0.0031799571853213366,0.03969977798549606,ABCA5
6.472266372468888,-0.6119561390035898,0.20889484977350223,-2.9294936647175054,0.0033951473390553795,0.04173419575238844,C6orf120
14.18698048555571,-0.4176222413357869,0.14296939953348403,-2.921060329682493,0.003488422689370183,0.042231056497072365,TM2D3
9.065878895375855,0.794214462238726,0.27288180880534296,2.9104705283057895,0.003608850002932209,0.04240398753445346,CD68
22.48842231733248,-0.3789822478911106,0.13019883484825578,-2.910796001614047,0.003605093095472732,0.04240398753445346,ATP1A1
4.837024477013792,1.6595101019235075,0.5722203735079973,2.900124110838417,0.0037301493190618406,0.04319404791203494,LY86
3.8550472333132544,1.0081641535717423,0.34895414580360024,2.889102094632116,0.0038634361613518234,0.04408845982641111,KCNE3
7.414662599648464,-0.4077004564856837,0.14133153953521888,-2.8847096538143027,0.00391774799458722,0.04408845982641111,MFSD11
25.4493697119725,-0.5477293454828825,0.19048465908888187,-2.875451220600957,0.0040345047962258825,0.04415848400252712,ATP1B1
10.674904674094352,-0.560877296988215,0.19493045650112406,-2.877319978907353,0.004010686783574193,0.04415848400252712,SLC1A5
20.014361236151142,-0.3674194417999679,0.12820359787784216,-2.865905855076398,0.004158178853272988,0.044897093294123204,B3GNT2
2.44307887799323,-1.301735824046945,0.4556537970234117,-2.8568527960276415,0.00427864218016253,0.04494227912695782,UGGT2
6.367221257017257,0.47589152629964043,0.16693135761880776,2.850821637635941,0.00436064227644399,0.04494227912695782,CLPTM1
40.43703015449144,-0.3922243015073864,0.13749547207790236,-2.852634312824203,0.004335848505769811,0.04494227912695782,NOP56
13.289214498674188,-0.432284568025942,0.1517384800653486,-2.8488789912734847,0.004387356410391377,0.04494227912695782,BCR
9.119504980495694,0.49960453738198474,0.17635776703639017,2.832903510730519,0.0046127307258877915,0.046228482585644236,TMEM87B
48.06301131475828,0.5344557090600519,0.18873335777533645,2.831803107621573,0.004628634051128334,0.046228482585644236,EZR
16.69953425677625,-0.7610813677999205,0.2695426617633361,-2.823602626838216,0.004748722021504811,0.046842332039288205,MMRN1
329.1652051090122,0.7506380194139955,0.2676023661087228,2.805050008821756,0.005030877362371644,0.048494752598722685,ANXA1
34.923753288287095,0.6629985596029221,0.2363953336335926,2.804617796011806,0.005037627616638276,0.048494752598722685,EMB
2.62529744892594,1.6157655687562964,0.5823411315549043,2.7746032028375773,0.005526909515705966,0.05257143694106032,CSF1R
20.846181594003063,-0.42943547594755727,0.15508692429506574,-2.76899859804119,0.00562288771759717,0.0528551445454134,ST3GAL1
6.87597432462933,0.460721549210634,0.16714718019636807,2.7563824209859153,0.005844462105489192,0.053065059344157554,GLB1
23.322100671814667,-0.6874298396566104,0.2490351318586676,-2.7603729422672,0.0057735411138723,0.053065059344157554,SLC40A1
70.84853764116463,-0.48114731011005624,0.17451088652822155,-2.757119167074119,0.005831309568874236,0.053065059344157554,SLC38A2
16.584577030157668,0.7687176991796641,0.27953356053082334,2.75000145857227,0.005959499942926109,0.05350157813930293,TSPAN2
6.007769837875411,-0.6359060895101816,0.23156056227043134,-2.746176133255064,0.006029438382465303,0.05352801408433086,NR1D2
56.78365240871299,-0.3313885473433212,0.1212336355640118,-2.7334703426290208,0.006267076701409785,0.05502631081787274,SYPL1
5.457897514535928,-0.6036248065133251,0.22343083898767158,-2.701618134937191,0.0069002962277432914,0.05992757267355315,BTD
10.083781878902535,-0.5026458460986565,0.18684202010561943,-2.690218430599911,0.007140526418361776,0.06134710331474257,LTBP3
24.892610289094826,0.39680814180869395,0.1484419253686736,2.673154102678018,0.0075141723441207115,0.06387046492502604,CLTC
13.141385091471717,0.5357585548867182,0.20196409977868982,2.652741529181656,0.007984098326784934,0.0671504690852754,CYSLTR1
25.049091645289927,-1.2373524082102896,0.47019028844346095,-2.6315992452895545,0.008498404188955472,0.07000231904098372,CLU
28.162057607851057,0.5722330504562879,0.21719462335968287,2.634655690848513,0.008422266852885895,0.07000231904098372,ITGB2
5.857675844830355,0.5315490965825392,0.20589539575250626,2.581646348330589,0.009833029046185644,0.07935949704951849,FURIN
18.489873929408844,-0.41086479567899353,0.15898750506917386,-2.584258401314181,0.00975886492069631,0.07935949704951849,SUCO
24.037628219071408,-0.301067961268756,0.11723232616624492,-2.568130916738932,0.01022485320122139,0.0816965770777589,CHST11
10.942885996429478,0.7219431733073222,0.2826737950357301,2.553979838195006,0.010649942316175958,0.0842505337685603,SELPLG
5.698459247025727,-0.6215349800048128,0.24560734966785086,-2.5306041567784954,0.011386627196991772,0.08919524637643554,DAGLB
16.70264036526177,0.4313592355863576,0.17206865290183565,2.506901915669939,0.012179450354104874,0.09357096954740186,IFNGR1
7.0404735979134925,0.3937466607354904,0.1569056422779724,2.5094487044508753,0.012091977638136409,0.09357096954740186,SLC52A2
31.19970746830453,0.3192368581722617,0.13035182993374683,2.4490400965948727,0.014323750170015068,0.10831355897686185,TM9SF2
24.810048430664573,-0.3123954477842862,0.12761819733556873,-2.447891086902368,0.014369508449996689,0.10831355897686185,ATF6B
6.083244510253668,0.5241789654046836,0.21450038075987057,2.4437204425827703,0.014536685788234865,0.10854964434392203,NR1H3
39.086716463571065,-0.31487135564724317,0.12912011901516868,-2.4385925140779414,0.014744584014153758,0.1090826169195264,ZC3HAV1
7.888092411548482,0.41018942346227627,0.16850593022352875,2.4342729239151777,0.014921739198278092,0.10938045522407518,RNFT1
9.29020190322599,1.0793920114266184,0.4452391913831235,2.424296944915196,0.015338058162667314,0.11141007701791986,TNFRSF4
63.83307376402128,0.5671583013211986,0.23479645241319388,2.415531816993196,0.015712249692530912,0.11166817440321083,LY6E
11.625459323636733,-0.35669267139721683,0.14778037323544016,-2.413667414609534,0.0157928707228571,0.11166817440321083,CLN5
2.633458655962719,0.826710437863575,0.34226027561538824,2.4154437332148446,0.015716050473034746,0.11166817440321083,HYAL2
8.563673640324263,-0.8441317379683281,0.3548577023596794,-2.3787893917904213,0.017369596813324544,0.12068093785953314,PTGS1
4.871532255757677,0.5553003304485667,0.23341931231257865,2.3789819486099235,0.01736052609539743,0.12068093785953314,SLC12A7
2.7029161279544343,0.9623160660038862,0.40516734635023904,2.375107655324303,0.017543832502377135,0.12084070835689079,MILR1
5.871558486584689,-0.671112056352006,0.28307959708187164,-2.3707538913795627,0.017751847067485206,0.12122842570017675,SLC16A1
8.464470312028462,0.5444319037853365,0.2313144126820381,2.3536445372027286,0.018590378917534144,0.12482111558915783,TSPAN14
4.521752181145893,0.5087920688521184,0.2161119350710046,2.354298797449351,0.01855768717167001,0.12482111558915783,SLC35A5
16.01166675716862,0.48436519518581395,0.20876381680871742,2.320158744892176,0.020332291423325394,0.13537917372697492,IL6R
43.51087232731741,-0.4435311110779871,0.19145621364100868,-2.3166190464292438,0.020524492907417112,0.13552950275228326,CSF3R
5.0055478291676865,-0.4344758991301682,0.18829996193675858,-2.3073605255219807,0.021034729929857943,0.1377602394586598,TOR1B
3.617575838843974,1.0261787188991427,0.4481675007423723,2.2897214037147204,0.022037471839009885,0.1431539837347065,TNFRSF18
9.219129544226151,-0.36092898282785935,0.15869717890616575,-2.2743251349242253,0.022946445007899736,0.14785652872025717,STIM1
3.2782724609653697,0.9558506921738736,0.42167708955403854,2.2667835551245425,0.023403451199680084,0.1495948600683551,ECE1
11.161176224467155,-0.5375182209206425,0.23802857813874984,-2.2582087626777168,0.023932647212988593,0.15176337399347528,NOTCH1
12.17248732848619,0.42193591814890713,0.18751605581318445,2.2501322157141934,0.024440553596910216,0.1533191778615884,SLC6A6
3.7838427828122243,-0.5892886172188556,0.262112691623728,-2.2482261868677464,0.02456177067119314,0.1533191778615884,BTN3A3
26.603701612896728,0.31241487299771625,0.13921953429820133,2.244044807164339,0.024829518554115627,0.15378903352510379,RAB5C
4.759943264373071,0.6311805464202566,0.2848207540370229,2.2160623391166623,0.026687233053454263,0.16041134789408346,SLC43A2
209.34920726089914,0.23009411350626802,0.10344140104415746,2.224390922625309,0.02612215406065207,0.16041134789408346,ENO1
4.264458098377789,-0.5993480678988979,0.26977029569758443,-2.2216977831049793,0.026303736478092695,0.16041134789408346,MCOLN1
4.889096288217972,0.38035152013691953,0.1716503768301723,2.215850190141046,0.02670176379213154,0.16041134789408346,DNASE1L1
5.005447445111751,0.5422937567157045,0.24550467159344336,2.2088938397626294,0.027182025787428492,0.1620779000310102,SUSD1
11.891591974909966,-0.38071774853242707,0.17286286778367177,-2.202426428612038,0.027635200733587443,0.16355944730471383,ERLIN1
6.502765170525684,-0.36136619945663306,0.16436235503393276,-2.1985946805278416,0.02790675555633747,0.16395218889348265,RXRB
7.541220378862329,-0.9979128548623991,0.45527576116154056,-2.191886632216997,0.028387693556000817,0.16436063153075836,CFH
35.408597414744854,0.5081711215846794,0.23181677179540025,2.192124054048977,0.028370550325290504,0.16436063153075836,FLNA
12.434896209000094,0.3384110758770513,0.15479158644271995,2.1862368856997216,0.02879827896054514,0.1654711193422093,PSENEN
29.60079032243533,0.3436266426563743,0.1573690216466942,2.1835723388294492,0.028993687994880224,0.1654711193422093,GALNT1
18.53869005628826,-0.4009818685420967,0.18508491854408085,-2.1664751061097216,0.030274900129810593,0.1656825013953333,PRNP
12.279844939692532,0.8446537254557782,0.3889543787958392,2.171601019303948,0.02988577007577449,0.1656825013953333,CLEC12A
10.535386541738015,0.7459170415045312,0.34428100778931825,2.166593638999085,0.030265852855554054,0.1656825013953333,CD33
7.565420352681219,0.6501525034052715,0.29893354059167554,2.1749065097159472,0.029637123004651524,0.1656825013953333,TNFRSF1B
208.68639203144159,-0.27539724333536425,0.12699815411302146,-2.168513749343756,0.030119619650618098,0.1656825013953333,HNRNPU
20.543025447793365,0.2562611110941863,0.11764853527426529,2.1781921083571834,0.0293917373606481,0.1656825013953333,TMEM179B
11.697431323631958,-0.46349262227918064,0.21433052144607223,-2.1625133889099417,0.030578626206005505,0.16620627441223398,PILRB
8.230740003751116,-0.5769200871189027,0.26750037500456264,-2.156707582593342,0.031028455809872665,0.16751173102762337,LDLRAD4
6.290138946823412,0.41349891394081545,0.19416149841267527,2.1296648270706866,0.0331992948089279,0.17802843323713688,SLC33A1
4.703840716642578,0.5083720390528126,0.24027364352500982,2.1158044286280475,0.03436144430231376,0.18303195998365798,MOSPD2
3.9751692140539254,-0.45646469602413764,0.21633532827678667,-2.109986841539452,0.034859489292886764,0.18445517844381804,SLC23A2
14.415508100701873,-0.4396629181761119,0.20941925097043773,-2.099438882236171,0.0357782301700945,0.18807109148622045,PIK3IP1
4.670802565309249,0.4329226676828271,0.2069527060417572,2.091891794811688,0.03644819625240641,0.18883104396759515,SLC10A3
15.094029299596688,0.3853463738916532,0.18442675670864592,2.089427698934252,0.03666924000263166,0.18883104396759515,TMCO3
10.32686600661028,0.4737233250581995,0.22611457373574687,2.0950587891421155,0.03616576676473443,0.18883104396759515,CBR1
24.30495973127738,-0.7164806605260734,0.343270105081917,-2.0872212578928027,0.03686813874711495,0.18883104396759515,SLC2A3
10.038568988520794,-0.6160331529417413,0.2968594269846902,-2.075167897475972,0.037970976763552676,0.19081012851621754,HTR1F
5.005674552136776,-0.37236283719436936,0.17941542742618133,-2.0754226241083664,0.03794738318955171,0.19081012851621754,PTK7
5.163487569517294,1.2252086818131263,0.5897864492424534,2.0773767918656594,0.037766796491733104,0.19081012851621754,C3AR1
10.238352680610813,0.3995571998256253,0.19318279409890823,2.0682856446369384,0.038613170842904825,0.19282452189675597,LRP10
10.272708764972231,0.40276524746421744,0.195403505534993,2.061197655392574,0.03928418713187214,0.19375349085411014,SPPL2A
6.676488696625977,0.7788607034505659,0.3776562705234348,2.0623534262281895,0.0391740999704659,0.19375349085411014,APOBR
2.4169713747030146,0.5167851584947035,0.2517827238404935,2.05250443959011,0.04012066403763155,0.19546591808577812,C12orf49
5.641629222180393,0.48117531690988696,0.23415650933786963,2.0549303466750453,0.039885732848273396,0.19546591808577812,SLC15A4
12.726822500573544,-0.36475809583240154,0.17888903969907935,-2.0390186925145577,0.0414481620091334,0.19916796249469848,SLC17A9
9.718695931955901,-0.3356184618206797,0.16499912513574047,-2.0340620687811235,0.041945337765131006,0.19916796249469848,GPR108
4.527630383199289,0.4150138276999561,0.20445974906369646,2.0298069893975295,0.04237616223291457,0.19916796249469848,OSTM1
4.604776657245235,-0.4252488301824558,0.20909272006275095,-2.0337811381230013,0.04197366710419887,0.19916796249469848,DGCR2
18.824390209106216,-0.3367820409903453,0.16512220660360444,-2.0395926624141527,0.04139091348728492,0.19916796249469848,ATP6V0A2
3.147680791247805,-0.5461885250145435,0.2687593492037569,-2.0322586977261086,0.04212747337170261,0.19916796249469848,BMP1
31.644629205299186,0.20452785068395612,0.1012106777843159,2.0208129731115263,0.043299129361519244,0.2023158149699057,TMEM219
3.35679903282028,0.558670047578039,0.27775285672539135,2.011392624956455,0.04428400172953341,0.20571463594126274,TMEM8A
3.235748601692891,-0.7900368964036972,0.39571251726261847,-1.9964920540519107,0.04588038980443917,0.2118984477095196,TNFRSF21
16.769110542802448,0.3730085240340355,0.18718560997960745,1.9927200818197088,0.04629210713050678,0.21257122757054547,IFNGR2
11.022958959345448,-0.4258474824994297,0.21429320953649247,-1.9872187430507975,0.046898161683151904,0.214123606770505,ST8SIA4
5.208960340947854,-0.5362744475554726,0.27164698799645837,-1.9741593732026375,0.04836362392898755,0.21955986090489235,NAALADL1
2.7430371168388317,0.6248244085825682,0.31780062929884295,1.9660892741499774,0.04928829916186084,0.22249350864591416,FAS
4.1878115465374055,-0.5323534427597945,0.27183649748736316,-1.9583589682785036,0.05018790589406213,0.2252816674682901,BST1
52.443345378338826,-0.347884322969909,0.1780642291661983,-1.953701339111783,0.05073654785115398,0.22581287298630429,GLS
7.6543897319565275,0.6345951540554865,0.3250063592389236,1.9525622684477175,0.05087148577914239,0.22581287298630429,TSPAN4
5.445925541681439,-0.38661980233577675,0.19921317908918712,-1.9407340623919678,0.05229054252996422,0.23082952199691387,SLC43A1
14.305034162433648,-0.3651709362471054,0.18854475732815157,-1.9367864767066734,0.05277144967191114,0.23167246312009346,BTN3A2
8.58713126272798,0.4352387049911408,0.22536390200288225,1.9312707187044287,0.053449582498999657,0.23209900226467786,LRRC8C
62.534266302914624,0.2666445761764551,0.13794708850278659,1.9329481982584127,0.05324257952332384,0.23209900226467786,CD47
7.014403298849167,0.3739932412197601,0.19483257849661667,1.9195621394819993,0.05491323019013597,0.23716578876712777,CLPTM1L
15.792225162444728,0.8185168651143105,0.42905177010641016,1.907734502321965,0.05642553997516564,0.24109094353025318,LTB
7.401103217940222,0.5008562694184768,0.26224691609468465,1.909865240274711,0.05615056658540425,0.24109094353025318,SLC39A4
8.008876416337023,-0.7588522268218998,0.3984329854342657,-1.9045918750798227,0.05683314356576584,0.24154086015450482,OSM
9.621540560852123,0.27796554215009833,0.1464740326824185,1.8977120862970749,0.057734019550839726,0.24407133132868225,NCSTN
10.688973611150026,0.5083368883676277,0.26933113130702385,1.8874048681292226,0.05910589085564963,0.24725448583070184,SLC16A3
47.11191969175887,-0.36001223638572816,0.19054869571161823,-1.8893450571321717,0.05884560779813312,0.24725448583070184,SORL1
8.201121310555354,-0.29475141119794057,0.15712610297791554,-1.8758908011571356,0.06067027604607549,0.2524768258375746,LYSMD3
3.7710966199611153,-0.38689417622967,0.20663767181229173,-1.8723312783988488,0.06116078603184502,0.25319931626655007,SLC2A11
14.280694264499898,-0.3100660496789017,0.16823299375668968,-1.843075146884332,0.06531803943865047,0.25964733090289416,CHPT1
26.34617496426291,-0.6376452338628993,0.34544224707009535,-1.8458808650972898,0.06490950561498651,0.25964733090289416,VAMP5
3.5345515178411904,-0.3966973685855209,0.21449253798402032,-1.8494693210030217,0.06439007377599454,0.25964733090289416,POFUT2
7.824051830068005,-0.38628375768316836,0.20934080730731214,-1.8452386930757563,0.06500282421580977,0.25964733090289416,NR2C2
15.45109705426125,-0.29306501579844724,0.1582658831694249,-1.8517257789837045,0.06406521026973479,0.25964733090289416,MPHOSPH9
132.61540046292643,0.569563111807492,0.30656732211044097,1.8578728740120147,0.0631870693208933,0.25964733090289416,LMNA
3.9504387492768513,-0.4569198600968365,0.24672740779226618,-1.8519217795274017,0.06403705596033969,0.25964733090289416,IL17RC
10.151003727724932,0.5987246833719293,0.32253824054939223,1.8562905358201798,0.06341215735171848,0.25964733090289416,LTC4S
10.826941362930063,0.36061313779587667,0.19597708178552128,1.8400781076561503,0.06575677087417442,0.2600973263785414,LIPA
27.850128308109845,-0.21857702975597876,0.11971918174150484,-1.8257477755563492,0.0678882631382447,0.2672055283125986,PTBP1
5.696380892080678,0.3178882599714597,0.17459027840749022,1.8207672435776454,0.06864224556714914,0.2688487951380008,HS2ST1
6.644055156553825,-0.415584590445112,0.22922489525902243,-1.8129993689189148,0.06983191865534755,0.2721741610030375,TNFRSF10B
225.57396625313473,-0.23889195609463204,0.13200361393893056,-1.8097379985759459,0.07033642687922453,0.2728097333810699,EEF1D
34.62670491364566,0.21752360131389847,0.12113580325689038,1.7957003253001949,0.07254219013064432,0.2760057614970705,SSR3
8.289460989296067,0.5229542411991094,0.2910555942921349,1.7967503509800808,0.07237526157392021,0.2760057614970705,ANPEP
11.294460034091376,-0.32442431100336294,0.18032867536708883,-1.7990722237766323,0.07200725675642429,0.2760057614970705,TMEM106B
852.3173425200916,-0.21898194062980372,0.12182945054790549,-1.7974466735668004,0.07226473674402885,0.2760057614970705,FTL
7.7194249005643085,0.3083560902495825,0.17238916938352128,1.7887207842133632,0.0736597939748276,0.2789297411653424,PIGS
80.94238167271409,-0.1905563316237671,0.10696942604539575,-1.7814093116934056,0.07484560813934404,0.2807588774804502,ATRX
4.9542533410056935,-0.5209807615372885,0.29242333023318823,-1.7815977990601533,0.0748148436163145,0.2807588774804502,TNFSF4
176.7663466305298,0.18566542321748883,0.10443394220340703,1.7778264355458921,0.07543236531749531,0.28163766303120913,ITM2B
6.630154557587813,-0.3023520701663576,0.17052537231294637,-1.7730620731997833,0.07621842169700026,0.2832489252832707,LZTFL1
8.730321124959616,-0.5222633453257937,0.29504148749115433,-1.7701352774716186,0.07670460804031921,0.28373602696395855,ATP6V0A1
13.002982459485414,0.2838834801096606,0.16143751486701,1.7584728081544114,0.07866709431778711,0.28965441640512396,F11R
31.03465339539049,-0.37498903553131613,0.21615289962970996,-1.7348323162618093,0.08277051038628037,0.3033653110029267,TFRC
17.160246720552013,-0.4998915671108146,0.2899634319473948,-1.7239814129441844,0.0847111986672152,0.3078850507040042,CD109
9.197809467804655,-0.5224820374847178,0.3031285892258451,-1.7236316733405963,0.0847743568897133,0.3078850507040042,SERINC5
46.81721623765807,0.25296779118730567,0.14742926154805144,1.7158587686804372,0.08618789475668572,0.3116023887357099,CD53
11.691632084043286,-0.5463285270302981,0.31967448302926654,-1.7090151264287212,0.08744814757668617,0.31473454916113625,SLC4A7
9.694053867801635,0.39795174145111756,0.23345422027303298,1.7046243198589381,0.08826451262549966,0.3162481864922611,GXYLT1
30.861602506016396,-0.23799451567042618,0.13991224921233134,-1.7010270152204103,0.08893791442372766,0.31723836439534997,TTC17
5.744217986741166,-0.44483780885843816,0.2619279534258042,-1.698321248420881,0.08944714645630106,0.3176367556381535,PCYOX1
2.5877071179759374,-0.6257761875461746,0.3709461078821248,-1.6869733210545694,0.0916084820381955,0.3238724652589301,COL9A2
34.89077862794701,0.1623175150096217,0.09647264204209431,1.6825237867829617,0.09246731636042463,0.32546865978845496,TMED9
20.065526272855898,-0.26461967548826515,0.15760150319994587,-1.6790428397916195,0.09314369494480913,0.3264114572846601,NR1H2
4.5461228831751965,0.5606187618436591,0.3346147577180882,1.6754155305845133,0.0938527315529189,0.32745996729599214,SLC30A1
16.918913105629493,-0.5407217182467149,0.3234040291788937,-1.6719696400183377,0.09453030893498418,0.3283900732132711,FCGRT
16.11749811898486,-0.2542369243019245,0.152755210044824,-1.6643420818662882,0.09604408728244725,0.332204440427166,UBAC2
8.789297133042163,-0.34845021848825625,0.20986690664125712,-1.6603390408945755,0.0968462659398606,0.33353520037046824,SLC16A7
3.5665501704798883,-0.3252119134597861,0.19667874586126297,-1.6535183404575415,0.09822541661602091,0.33396641649447106,FAM174A
5.771459020474588,0.5211486207313942,0.3151539531801977,1.6536318693531147,0.0982023332857075,0.33396641649447106,NR6A1
4.168699188728984,-0.5871991642469138,0.3549800625872015,-1.6541750541346734,0.09809194987051183,0.33396641649447106,PAM
11.123984036699683,-0.3097577318457201,0.18758235061067036,-1.6513159731569114,0.09867407235871166,0.33407027040089243,CLSTN1
3.722564555210446,1.0918557989118625,0.6636391682182443,1.6452552097600044,0.09991719235407934,0.3368516316072126,RXFP1
290.1460792989109,0.16455175286023319,0.10016508531189088,1.6428054980221616,0.10042318230511489,0.33713496916717145,YBX1
47.794630403185266,0.2124703133799172,0.12959223947826864,1.6395296063661775,0.10110300995483962,0.3379970918573927,MYH9
43.32922873709554,-0.21451573931077503,0.13104702683077887,-1.6369370942522747,0.10164361419466846,0.3383885322564171,PSAP
9.036559232804711,0.36906501014356863,0.228242182191908,1.61698861533516,0.1058807383998166,0.3492335119601744,MGAT4B
2.302113294186339,0.43673194372830915,0.27034628153689866,1.615453858826984,0.10621244481392038,0.3492335119601744,IL15RA
67.86473533561025,0.2771747537177934,0.17154201856488344,1.6157834449928417,0.10614114208039288,0.3492335119601744,ITM2C
18.840974535336947,0.20922821525369342,0.12989473659162437,1.6107520654319143,0.10723377261777783,0.3511466570557561,HEXA
2.495346683358354,0.49799503565591474,0.31086584305408305,1.6019612536501022,0.10916417783411958,0.35520302548860966,GPR146
135.40885066886702,-0.24070185751591375,0.15033821410019496,-1.6010690226471276,0.10936163237822025,0.35520302548860966,CD164
3.2951710640824627,0.7475533805843347,0.46758087644498053,1.5987680810814726,0.10987214379417032,0.3554163679819518,ITGB7
8.559686955903102,0.3878241532347698,0.24320450144949807,1.5946421670788948,0.11079227748017731,0.3569477004300874,SCARF1
1.5041925664205273,0.8793700678635733,0.5540735755002117,1.5870998126371345,0.11249004033425651,0.36096201697618857,GGT5
49.91625129999708,-0.3509172431890099,0.22236313634942625,-1.5781268826752424,0.11453646346277938,0.3660585372270429,NPR3
27.68916042202646,0.1786418753815695,0.11346178989594105,1.574467277004945,0.11537946089681365,0.3672836225360721,HM13
39.292126222114206,0.27471713256590935,0.1749550687644438,1.570215338749535,0.11636502224966704,0.3689510030852538,SLC38A1
14.898968530965776,0.2502358846207739,0.16100061592934273,1.5542542068944212,0.12012379197699014,0.37102500675805133,SEL1L
8.57818926393417,0.6858368333053079,0.43815676166209533,1.5652773009907865,0.1175179031082161,0.37102500675805133,CD7
32.73102325999187,0.17991773488119722,0.11547396770099452,1.5580804787713871,0.11921417161942055,0.37102500675805133,M6PR
16.304306277396766,-0.5174067175816023,0.3315577834835115,-1.5605325628174647,0.11863408109608065,0.37102500675805133,PLXDC2
8.655502307807334,-0.32412712191497023,0.20792303634762518,-1.5588802838232132,0.11902471763879076,0.37102500675805133,P2RX4
10.777189795094346,0.28945160214800947,0.18626974081706993,1.553937858496681,0.12019924011787751,0.37102500675805133,RYK
8.560812536552262,-0.3233665085040599,0.20813441960280535,-1.553642636913003,0.12026968304172128,0.37102500675805133,ATP8A1
14.574060774550352,-0.25801429018560706,0.16726025105595124,-1.5425917906777333,0.12292985111874138,0.37632548292672174,ADIPOR2
7.489518221310043,-0.4133987299765415,0.26793059301453587,-1.5429321651003611,0.12284723559112605,0.37632548292672174,INSR
7.525332371199387,0.2701277337239858,0.17608295597017568,1.5340935880798088,0.12500663051465916,0.38122251061531554,SRD5A3
3.1367132219199534,-0.368623985255067,0.24231755167652794,-1.5212434374012938,0.12819875864144012,0.38564220274315947,FAM189B
4.07553840626014,0.3773207996291909,0.24815648977304877,1.5204953937504082,0.1283865155565462,0.38564220274315947,PLTP
11.886083057431092,-0.3887535135083488,0.25542358676468774,-1.5219953585041972,0.12801024369705147,0.38564220274315947,PTGER2
5.93391215635779,0.4214739478067805,0.2764231960037346,1.5247416059869527,0.12732355984291358,0.38564220274315947,EPDR1
5.504827825923713,-0.3986404985005907,0.26340463367496464,-1.5134149044337013,0.13017430144604114,0.389227541467837,MFGE8
2.703274625213326,-0.47577243838486066,0.3146811277429883,-1.5119191983239668,0.13055441941599538,0.389227541467837,MANSC1
33.761442773463514,0.23535333185033558,0.15601778812770248,1.5085031948901622,0.13142578960357806,0.3903687951422263,ACTN4
4.71473344345683,0.5258892518900412,0.3491516396254034,1.5061915574970675,0.1320180060902173,0.39067550691142083,UNC93B1
11.582536571936167,-0.42118287862525206,0.2804982497005275,-1.5015526088841042,0.13321269031788638,0.39132417876351916,TNFSF10
6.484300027248957,-0.4360711690218951,0.2904165456389343,-1.5015369322795007,0.13321674170672992,0.39132417876351916,ABCA1
6.339065720797396,0.3576751528913108,0.23981469321918011,1.4914647142342166,0.13583952865984525,0.3918259328491565,IL10RB
5.421014978949746,-0.29264379198487667,0.19534217587937402,-1.4981085915905201,0.13410503925132536,0.3918259328491565,LRRC37B
5.09777703397712,0.3321008282040532,0.22255695502860368,1.4922060205279615,0.13564514454294416,0.3918259328491565,PNPLA6
5.335563578354616,-0.3295363191697033,0.22060498438069684,-1.4937845583807128,0.13523193881658835,0.3918259328491565,TAX1BP3
7.571348089727082,0.4165667934641838,0.2791906109490136,1.4920515845722981,0.1356856227588615,0.3918259328491565,SPNS2
8.196355103568534,-0.2512181271826665,0.16926157000566583,-1.4842006202250002,0.13775570531614886,0.3959237717539674,SLC37A1
4.559746592616496,0.5465327128153774,0.3687528375056937,1.482111206281738,0.1383107074895615,0.39609410496114567,TIE1
3.661408198966824,0.46960089201914434,0.31845642822672937,1.4746158356232195,0.1403158550553798,0.3991975142978117,IL4R
35.15857979972465,-0.1857062749903384,0.12627720609280346,-1.470623881667602,0.14139286176005095,0.3991975142978117,DPP7
24.62618132878229,-0.4038380209662271,0.27416301221742606,-1.4729850598736556,0.1407550643259845,0.3991975142978117,ADAM28
5.631443148231928,0.47929014897409183,0.3256901704130681,1.4716137989863654,0.1411251971352265,0.3991975142978117,VANGL1
77.27392888837838,0.18008209547461712,0.12314573906201927,1.4623493824981089,0.1436454926212517,0.39990504740202126,PPIB
3.1341626317057916,0.47553228236592565,0.3244332039418223,1.465732473089279,0.14272118381631593,0.39990504740202126,RHBDF2
4.210529096697338,-0.3609705139387663,0.24645372725578302,-1.464658367954531,0.14301414878862226,0.39990504740202126,TMEM67
7.647038423746337,0.2596861093484678,0.17741638842805696,1.463709816490665,0.14327325218823736,0.39990504740202126,SLC39A6
3.8993755457272266,0.3231334072732227,0.22357383626434654,1.4453095794767332,0.14837094832441014,0.40367686812588355,ATRN
15.479359500865403,-0.2553586707772611,0.17690979670442988,-1.4434399650794854,0.1488965728078986,0.40367686812588355,SLC39A8
6.156180080694224,-0.40037791200554823,0.2776470765115881,-1.4420389979825259,0.14929137236695494,0.40367686812588355,ICAM4
35.65481635970779,0.1745118938933652,0.12118312687122614,1.4400675935586995,0.14984827643440582,0.40367686812588355,ITGB1
46.334747159954645,0.1858490797636787,0.12851852411143208,1.446087877592946,0.14815255538784805,0.40367686812588355,PTTG1IP
7.352175741450073,0.2956119073481654,0.20340867171493884,1.4532905842010615,0.14614309048593488,0.40367686812588355,SLC43A3
7.872220388541609,0.34310897809964497,0.2373288727784731,1.4457110678645022,0.14825825871525916,0.40367686812588355,ST3GAL4
4.962570741330606,-0.5164606035623811,0.3588162360214041,-1.4393456920705594,0.1500526030455412,0.40367686812588355,ABCA7
4.186794387658472,0.34303459792771046,0.23685770936284775,1.4482728843848098,0.14754074797174682,0.40367686812588355,TTYH3
50.598486516771764,0.22031403407219483,0.1525760098804285,1.4439624829935689,0.1487495288881248,0.40367686812588355,RNF130
5.077582454343134,-0.40102876486702943,0.2805205799963396,-1.4295876789940414,0.15283539384598147,0.40978348886892346,GDF11
3.9629538042219337,0.5542204504966217,0.3886700290982983,1.4259407955442176,0.1538854323329296,0.41121893121742725,KLRG1
4.958171938511668,0.30622864895436436,0.21511590542523137,1.423551867766474,0.15457623744963753,0.411688045740868,FAM20B
13.74421641237634,0.2692773012339781,0.19136922394685005,1.4071087068251154,0.15939515669457838,0.4218575449089838,SLC12A6
5.988864654803571,-0.29967263989025705,0.2129987676938477,-1.4069219420132488,0.1594505363736084,0.4218575449089838,FLVCR1
19.42758560113171,0.23977486595195796,0.171193957941967,1.4006035542051034,0.1613326575333206,0.42542836095420183,ITGA5
8.020541872704833,0.293243979732806,0.20974033556054666,1.3981286858776576,0.1620744270685478,0.42597851061766345,TGFBR1
13.148857745606684,0.2015018771561264,0.14465274619806323,1.3930041596322238,0.16361853282581718,0.4271349035079001,TMEM9B
10.265846941254862,0.24731515873481444,0.1777514523745236,1.3913538001012762,0.16411816692981895,0.4271349035079001,CALU
8.094934238030028,-0.29020532983831315,0.20848597003843672,-1.3919657509078935,0.1639327694435666,0.4271349035079001,SLC22A16
6.2112586592770755,0.7527540531393174,0.5423637606807431,1.3879136249710062,0.16516334843450575,0.4284594655817211,PDGFA
30.00963024368742,0.8757960356495151,0.6337609238724192,1.3819028637774131,0.16700152852631267,0.4314807295393693,MPO
14.234204837468402,0.21632358566095214,0.1567179225851656,1.3803372460057648,0.16748283210145565,0.4314807295393693,SCARB2
3.464054773179422,-0.3631492608128626,0.2637542122845108,-1.376847246030462,0.16855948013608402,0.4314807295393693,NMB
68.23264040293897,-0.20728609828010042,0.15083596825264747,-1.3742484679310707,0.16936455848195864,0.4314807295393693,TFPI
2.964739328296534,0.7202561707560169,0.5228005767593225,1.3776881716938034,0.16829958485934193,0.4314807295393693,NRG4
2.1762845172122005,-0.37505701223705606,0.27304818703304307,-1.373592757792852,0.16956814652736163,0.4314807295393693,GLCE
2.4830127592472704,-0.334025381826548,0.244441357403475,-1.36648472817636,0.17178687105102008,0.43400240365979503,SLC38A6
34.28486228062799,0.14201882064205545,0.10407439479233689,1.364589445131344,0.17238212402393294,0.43400240365979503,RALY
7.622380423935169,0.27524504931368016,0.2012900213678728,1.3674053360581093,0.17149829071435574,0.43400240365979503,IMPAD1
11.888564537928607,-0.7759497135452871,0.5694814105386015,-1.3625549476872527,0.1730228157017184,0.43400240365979503,TNF
9.521118448530327,-0.2143010021443995,0.15737112756946234,-1.3617555231013312,0.17327505227468665,0.43400240365979503,GGCX
98.54825437269163,0.11492077769102307,0.0852585128128384,1.3479097148140504,0.1776874230906068,0.44366328452935894,PTGES3
8.491106412966051,-0.349753618061441,0.26191812530169667,-1.3353547703450035,0.18176026060194872,0.4470597708135237,ROBO3
14.642145606310727,-0.35197940318466325,0.26292287203929937,-1.3387173221356432,0.18066271493926367,0.4470597708135237,RELL1
5.9369004782706085,-0.35381561860888855,0.26456328054856404,-1.337357239732069,0.1811060551269813,0.4470597708135237,PLXNC1
25.930130886988362,-0.4559491746501871,0.3415107247825145,-1.3350947468503394,0.18184533856620178,0.4470597708135237,APP
4.983629854428885,0.4268491819183687,0.3184527618198664,1.340384613024072,0.180120335565771,0.4470597708135237,ATP11A
8.119262392980952,0.31782139758814426,0.2385377771470922,1.3323734353077439,0.18273750687580792,0.4478750551956151,ADCY7
4.556860752064803,0.5513808267555467,0.41462943030648813,1.3298159427515162,0.18357892180087565,0.44856134103639034,HAVCR2
3.522398492927661,-0.3996489789512132,0.3011833012514386,-1.3269294057493974,0.1845320359978314,0.4487845801208461,PPM1L
15.596543966350643,0.3244119550066023,0.2446289175174222,1.3261390284470276,0.18479365063799547,0.4487845801208461,ADAM8
5.832724569182773,-0.39823405783211224,0.3016837887950026,-1.3200379755994,0.18682233923628389,0.45221066219869155,PON2
7.0250732630700075,0.22880791848240042,0.17353653548215056,1.318499979538516,0.1873363318995831,0.45221066219869155,GLT8D1
3.090116554063144,0.5359544454542845,0.4080919633498667,1.3133178145799413,0.1890758780879811,0.455035019856316,IL13RA1
6.568744722112482,0.2604534438401497,0.19985089501570236,1.3032388162168889,0.19249324201745743,0.45911074737895075,MR1
19.312111749166757,0.17912658828753933,0.13728833303869467,1.304747346863426,0.19197889348740016,0.45911074737895075,ADAM10
22.151730724025196,0.1901330223066635,0.14588679196371132,1.3032915437194497,0.19247524698451068,0.45911074737895075,TPP1
5.051636856070554,-0.2969075939993582,0.23016244952073148,-1.2899914587180077,0.19705362368732604,0.46467417384936155,ATP13A1
11.279193340881996,-0.22414662250382422,0.17379643510990214,-1.2897078260672181,0.19715212132031734,0.46467417384936155,LMBR1L
12.872576530943965,-0.23001747025632852,0.17797410811834596,-1.2924209745351032,0.19621139689394806,0.46467417384936155,LMBRD1
9.171337589893243,0.29669420882224157,0.22964612778463023,1.2919626021323176,0.19637009612854117,0.46467417384936155,TRPV2
43.198401133578194,-0.2009001834124712,0.1581582727784718,-1.2702477074586347,0.20399640872928937,0.47670032752404995,NR3C1
9.333786808600475,0.24557259080767405,0.19375841663709845,1.2674163789623727,0.20500644627987452,0.47670032752404995,CD244
13.81363795661476,0.16310268627436159,0.1282562997176346,1.271693372048342,0.20348208645437782,0.47670032752404995,LTBR
49.31300442081824,0.18521132337486002,0.14620758545727808,1.2667695919852178,0.20523768794527308,0.47670032752404995,PHB2
81.57138298308884,-0.28298757450643225,0.22327776746405917,-1.2674238806691065,0.2050037653537229,0.47670032752404995,GYPC
31.10949846433692,0.1730735832231441,0.13727848052424224,1.2607480980428007,0.20739961878992952,0.4803254939511701,LGALS9
9.818144045177059,-0.17285540215445383,0.137804015695361,-1.2543567854842474,0.2097123524340775,0.484277946805861,TSPAN31
20.83425033759821,-0.33552250801260836,0.26914605793442636,-1.2466186968800177,0.2125373428305214,0.48537447584534155,PROM1
6.177223781123596,-0.23409648134534597,0.18714492069684754,-1.2508834355411353,0.2109770081104101,0.48537447584534155,CRELD2
89.10595842466523,-0.2309668666740355,0.18530698487055508,-1.24640129909499,0.21261710456304073,0.48537447584534155,ITGA4
4.514258972707775,-0.2560723774278469,0.20538205697832962,-1.2468098781134798,0.2124672176291582,0.48537447584534155,LEMD2
35.70327463006614,-0.18618649740827595,0.14984919368116334,-1.242492487509997,0.21405491057202364,0.486842447438138,CD55
6.305166262606684,0.28752058103410544,0.23162042934392973,1.2413437875428959,0.21447877534195814,0.486842447438138,TMEM156
13.553275268020398,-0.23328449227716794,0.18867849427979944,-1.2364127303836778,0.21630518648611152,0.4895972917915102,MAN2A2
27.16188336643582,-0.19988199906739695,0.16224060911174368,-1.232009668613409,0.21794547243116236,0.49191647591101334,ITPR1
24.112727287858945,-0.15336054861099016,0.12561201053857052,-1.2209067266214895,0.22212133733479955,0.49992943248029537,TMEM87A
5.802318368656092,0.3328634204607308,0.2737700532163757,1.2158503698636838,0.22404192696056235,0.5028356731502509,SLC7A6
11.443500295321375,-0.258029048768417,0.2126759421690989,-1.213249821003533,0.22503432136746437,0.5036482430605155,AKR1B1
10.319391293027488,0.2163911462489172,0.17877681351972866,1.2103982725088547,0.2261261044597328,0.504678093472979,STT3A
7.5937932625554305,0.519108818259081,0.4307721762947771,1.2050658023554779,0.2281779002969695,0.5077219012013631,HGF
75.73450915085587,-0.17021345791971582,0.14142532744422145,-1.203557106748425,0.22876080654879938,0.5077219012013631,NKTR
2.8737145180935073,-0.3325427733585338,0.27810977804863724,-1.1957248525809727,0.2318039496217391,0.5130508469467301,SIRPA
5.652355238981441,-0.2616939944228944,0.21966417119851261,-1.1913367254890153,0.23352142192928582,0.5141192705345295,BTN3A1
11.617830781703246,0.32686727966063084,0.27482622324986633,1.1893598645550278,0.23429808735668878,0.5141192705345295,CD79B
19.9157132673247,0.20793431760293352,0.17467673604719772,1.1903950251666575,0.23389116745146887,0.5141192705345295,GRN
67.67369547072312,0.14579848627600317,0.1227331001341176,1.187931259918316,0.23486049279737586,0.5141192705345295,VDAC2
149.08823071332517,0.3569263938949966,0.3011443794445725,1.1852334569660834,0.2359251550814926,0.5150387948363732,CD52
17.23937898872209,-0.20799986604936793,0.1758742027980327,-1.1826627370031473,0.2369428378127748,0.5151189165072146,P2RY8
16.84048948339867,-0.16735941359117656,0.14160378463870518,-1.181885173607369,0.237251265675413,0.5151189165072146,TOR1AIP1
14.536652283331279,-0.512117603675969,0.43452181440135335,-1.1785774308742598,0.23856648293198524,0.5165707855356536,RAMP1
9.709806595028132,0.2334675374989006,0.19990222151871373,1.1679086691742675,0.24284360688414008,0.5211675255724808,LY75
3.154495448744884,0.47144346740490856,0.4032132946271025,1.169216079149638,0.24231658450999904,0.5211675255724808,TNFRSF25
27.512455871516167,-0.21071874137354824,0.18084828492431637,-1.1651685912406216,0.24395075665094845,0.5211675255724808,LAIR1
7.46783647733727,0.2710516274178737,0.23237972205823315,1.1664168672598272,0.24344594215825288,0.5211675255724808,B4GALT5
52.10975756066349,0.2646590654702591,0.22672915215756495,1.1672917353227468,0.24309257512591964,0.5211675255724808,RNASET2
21.789691716998696,-0.2721078282783973,0.2340789736923762,-1.1624616426932826,0.24504799666156485,0.5221155982202408,CD59
8.471763519882522,-0.19957817982617976,0.1719283296047629,-1.1608219557822708,0.24571431227098095,0.5221429135758345,TMEM9
17.33723773561661,-0.18893972131672357,0.1648367437823962,-1.1462233297094615,0.2517027571515532,0.5237252681356537,GPI
6.226993079728655,-0.18199140857391688,0.15860052942535863,-1.1474829827700328,0.2511820622854638,0.5237252681356537,CANT1
1.801618014637287,0.4587891118977215,0.39939521556436064,1.1487095839378922,0.25067575261721875,0.5237252681356537,IL17RE
7.792026684177502,0.30463128372199816,0.2645996598655592,1.151291289931282,0.2496124192578596,0.5237252681356537,PDGFC
6.261895378858696,-0.5371680509843588,0.4647255299986049,-1.1558823785428174,0.24772927131917777,0.5237252681356537,IFI30
18.371445302906793,-0.17523743056741822,0.1528497816450175,-1.1464683081745868,0.2516014330212667,0.5237252681356537,CASC4
14.395802653531428,0.2216519020737546,0.19270624753413415,1.1502061033827837,0.2500589930109326,0.5237252681356537,IL27RA
95.48722178517265,-0.3021673979794577,0.26257383541095225,-1.1507902053779953,0.24981855524963936,0.5237252681356537,BST2
8.077525532725057,-0.2234004234379578,0.19528293794902593,-1.1439833186874282,0.252630555086231,0.5242904247114248,CHPF2
16.79150010930942,-0.5222022576527512,0.4573371527146946,-1.1418321353360987,0.2535238019946483,0.5243283517089661,ALDH1A1
26.293534067980573,0.11781906276628382,0.10342214834730298,1.1392053312471755,0.254617522481951,0.5243283517089661,LAMP1
4.242053606255871,0.5276955012360762,0.46314483667389544,1.139374682498364,0.2545469110006986,0.5243283517089661,SLITRK4
4.128794715509882,-0.2901286879831527,0.25559851508085163,-1.135095358012461,0.25633536631116494,0.5264023144378897,CATSPER2
4.24612587140824,0.24708058645231518,0.21795180338551232,1.1336478185283925,0.2569423061711852,0.5264023144378897,SLC17A5
13.585068589474677,0.16494336848989505,0.14602087105612835,1.1295876219399703,0.2586500291655477,0.5285457117730757,IFNAR1
11.456585919714165,-0.17585275129898714,0.15618042756078102,-1.1259589568644905,0.26018289232583236,0.5291227765266076,SIL1
10.46305147341498,0.3460408561046464,0.3073776168603136,1.1257841727034505,0.26025688507503975,0.5291227765266076,EMILIN2
2.818246435385206,0.3670749036937943,0.32723630357160866,1.121742605228603,0.2619718958349586,0.5312577278480506,LRFN4
5.234198345125688,0.4299409272509008,0.3853870250415647,1.115608205036303,0.26458987842085513,0.5352083869829449,TLR2
4.64680848017594,0.45283092937504843,0.4098722080715591,1.1048100370249772,0.2692419104616516,0.5432431476233829,CSF2RA
9.247181607696968,0.21528955622447815,0.19562694493606186,1.100510751700604,0.27110964766449175,0.5456337745187126,SHMT2
21.352354209471684,0.20362886110622533,0.1853333213023219,1.0987169477962309,0.2718915478531343,0.545832529484056,FDX1
4.263443924151339,-0.22701208147965285,0.20708984564049426,-1.0962009304586733,0.2729908525316227,0.5466658926635752,TMEM150A
10.9429348371563,-0.21979106211528715,0.20112911679756873,-1.0927858960197254,0.27448781555597457,0.5482894115730592,TMEM245
11.48280285502333,0.18795671712176376,0.173501250438718,1.0833162103817318,0.2786680924971262,0.5511282324386234,TMX3
12.96868770272983,-0.21017060241365426,0.1938835831978458,-1.0840041170437242,0.2783629734134757,0.5511282324386234,PLXND1
4.40016044581443,0.20189515481500298,0.18579497766922667,1.08665561011256,0.27718903865644917,0.5511282324386234,TM9SF1
5.253190561304294,0.2792838411186311,0.2571928197708662,1.0858928385615347,0.27752640566504927,0.5511282324386234,OPN3
9.657222438467779,-0.22677113739196644,0.21043342204830537,-1.077638405461613,0.28119515602087386,0.5513765625179267,PKD2
10.454911233598125,0.3181858053012936,0.2950270332863216,1.0784971185758987,0.28081196696249255,0.5513765625179267,IL17RA
12.147838723126407,0.14706727366918004,0.13657363913294382,1.0768349924835896,0.2815539893708562,0.5513765625179267,WDR13
11.568451837516273,0.1591370282844728,0.14719926477087886,1.0810993419849992,0.2796529260980969,0.5513765625179267,ITFG1
5.209287257522027,0.20610930476884884,0.19413638290518517,1.0616727358596723,0.2883842807198105,0.560630268357977,SUMF1
32.31584846487179,0.18840351758647472,0.177331991661551,1.0624338892333336,0.2880387557504154,0.560630268357977,ANTXR2
3.0445264024178713,0.32252294514630125,0.3030950309551987,1.0640984252690513,0.2872841141703021,0.560630268357977,SLC29A1
3.4412083576996033,0.248795975624257,0.23595394654437302,1.054425998242284,0.2916879245854238,0.5652519335900136,GALNS
4.885733302872802,0.3154117787282509,0.2994342928773697,1.053358904544125,0.2921765313800696,0.5652519335900136,SEL1L3
19.249550313408104,0.15228945108979103,0.1457480210494886,1.0448817760488238,0.2960776134798758,0.5686683008904345,PTPRA
2.6197153050390325,-0.3845391072006564,0.3678269100047315,-1.0454349498129705,0.29582199070559845,0.5686683008904345,CYSLTR2
22.873964634212395,-0.18254381040074677,0.17430809442031625,-1.0472480409347564,0.2949851934048776,0.5686683008904345,ATP2B4
3.2861865182944645,0.4559186048740979,0.43708652014303384,1.0430854850543123,0.2969087025791244,0.5688970104573631,ANGPT2
19.27324042173124,-0.20261642801100374,0.19530377225687962,-1.037442470617034,0.29952969381881966,0.5720649661792402,AGPS
15.71695981061579,0.24656704284615183,0.23789661143009636,1.0364462165473223,0.2999940185595765,0.5720649661792402,TNFSF13B
5.879621973512567,-0.19507584903287614,0.18969110997346122,-1.0283868814947008,0.30376787691195495,0.5778822229825047,TPRA1
14.404366366550843,0.26750663711289696,0.26300224999735683,1.0171268006854899,0.3090931122835968,0.5852260585653882,CD151
27.57678505981893,0.1294820100116923,0.12723760321225697,1.0176394929075427,0.3088493118191301,0.5852260585653882,IDH2
8.694292703628994,-0.2341327148841478,0.23156333406748772,-1.0110958016173286,0.3119705796046288,0.5885683285159409,LRRC8A
16.313538591634863,0.142469233307982,0.14101094617010365,1.0103416591228258,0.31233162864926023,0.5885683285159409,CD302
56.472911902365226,-0.2498546460646392,0.24835255742949403,-1.0060482108607705,0.3143923793768584,0.5910576732284937,SPINT2
5.490963407166845,-0.20579411118430813,0.20496585892889227,-1.0040409278879132,0.31535888651835475,0.5914829819909987,LRP12
3.236821723717698,-0.2723903078761278,0.27218127823412486,-1.0007679795001299,0.316938993463297,0.5930544631783942,ATL1
64.23339519084988,-0.09479647990767184,0.09599959785100627,-0.9874674689241753,0.32341352308549354,0.5979487295645878,PA2G4
35.80064209087165,0.11668106932087001,0.11868278673247712,0.9831338859937695,0.3255415486365403,0.5979487295645878,LAMP2
5.913702230214262,-0.1877058290042016,0.18938140835459416,-0.9911523556353787,0.32161119111424685,0.5979487295645878,PIGG
146.62736307299724,-0.11976972875568792,0.12137709257579495,-0.9867572720189908,0.323761645956019,0.5979487295645878,CALR
25.55734794350291,-0.13627730960729248,0.1385390319977036,-0.9836744752883174,0.32527559377885185,0.5979487295645878,TOR1AIP2
8.448800358262782,-0.2642238084423708,0.26842992989214826,-0.9843306539942568,0.3249529621215542,0.5979487295645878,CLEC2D
15.162796081934871,0.13224172248127716,0.13382642664269315,0.9881585109819377,0.3230750237658965,0.5979487295645878,UBA1
15.010197634158422,-0.1679171327295554,0.1703853014524544,-0.9855141922345472,0.32437156368707254,0.5979487295645878,GLG1
43.03640535825233,0.1284252936362228,0.1314560469134769,0.9769447404785501,0.3285965104440769,0.6021757152404069,BSG
6.373378769666334,-0.46282343022282646,0.4748648194793104,-0.9746424903203246,0.32973762905757,0.6028841318466783,ADRB2
6.32636586550862,0.20431753788668663,0.21162950725117294,0.9654491972340696,0.334319870039655,0.6084773944457503,MFSD8
4.058254940232851,-0.21179088779871452,0.2191201672768097,-0.9665513240100979,0.3337683779931201,0.6084773944457503,TMEM161A
3.157185853891306,0.3688673928152501,0.3858156094773343,0.9560717185988301,0.33903600198898964,0.6156585581572789,GPR132
6.256578339625136,0.18636287770958895,0.19735922589222396,0.9442825733992288,0.34502526872559036,0.6222916246314824,GALNT11
36.44798424580016,0.20416754654594743,0.21601550337230055,0.945152284713874,0.3445811355475835,0.6222916246314824,ADAM17
4.094928027319799,0.3517115739207744,0.37215779740482385,0.9450603383117925,0.3446280723232952,0.6222916246314824,AMN
4.600254398903003,-0.2414989768767138,0.2573837049574752,-0.9382838626734902,0.3480985505698492,0.6250129031579988,SLC12A9
24.348360298578044,0.09483970024660346,0.10098683978470288,0.9391293008950008,0.3476643620928017,0.6250129031579988,APH1A
13.094301298659957,0.18321636360099441,0.19584782287470862,0.9355037033942672,0.3495287756754577,0.6261737483513244,SEMA4D
30.915465909518424,0.13126051138448128,0.1408484926353092,0.9319269871374943,0.3513742596110503,0.628071663152638,TM9SF3
5.316949151235374,0.2292982285373332,0.24721570934864956,0.9275228873661615,0.35365511417523354,0.630737580861633,MINPP1
3.3913868481333376,-0.37635485335569324,0.4136203306198279,-0.9099041451654691,0.362873063535623,0.6457362533740818,TNFSF12
38.6519051244486,-0.11571839827294453,0.12769501143507042,-0.9062092322360167,0.36482511736143863,0.6477234984156389,CD46
7.0361708537994145,-0.19462473451112677,0.21659476751889223,-0.8985661876349383,0.36888377560712804,0.6477234984156389,THRA
11.595328629830133,0.3789784294210627,0.42191063889535424,0.898243358862207,0.369055822168443,0.6477234984156389,LGALS3BP
2.0974325122006285,0.2449666361912626,0.27387606149003463,0.8944434020940384,0.37108469927614585,0.6477234984156389,CTNS
28.787378570228,0.09839896211326853,0.10930460427048323,0.9002270560329937,0.3679994305172447,0.6477234984156389,SSR1
14.513210559277587,-0.09964486140462772,0.11164024581701433,-0.892553224649399,0.3720964778132394,0.6477234984156389,BAG6
1.9622106591836064,0.22340436055687768,0.2496126907826656,0.8950040154464456,0.37078494146760765,0.6477234984156389,APLF
4.163484585776503,-0.256549747087953,0.28509952555361334,-0.8998603087457908,0.36819459493110707,0.6477234984156389,SLC15A2
9.123290655391987,0.1621813252434511,0.18053221681161077,0.8983511536486077,0.3689983690685673,0.6477234984156389,NIPAL3
12.902751235787441,-0.19861488766482777,0.222347484742901,-0.8932634785344431,0.3717160910733954,0.6477234984156389,F2R
2.6791990613153587,-0.2331495295581007,0.26312339786045885,-0.8860843674637628,0.37557206619205064,0.6481254446813142,ACVR1
27.809491415101892,0.10346425034155311,0.11663708269840269,0.8870613697454046,0.3750458606501038,0.6481254446813142,RPN1
6.004889843258307,-0.1761462405038955,0.1985674397977369,-0.8870852174118784,0.3750330221881696,0.6481254446813142,BSCL2
29.133060031577,-0.20575721961472201,0.23140816451490787,-0.8891528094786243,0.3739209605813607,0.6481254446813142,CD81
32.45934523613042,-0.25509610302239377,0.28945201424236106,-0.8813070577176888,0.378151647123912,0.6511706164913916,MDK
7.351169269454616,0.16999165350058615,0.19336231959059766,0.8791353654657548,0.3793278844248915,0.6517913540978243,TMEM181
7.84859349481803,-0.19202603860866313,0.21945380256976035,-0.8750180509978704,0.38156408405419373,0.6528259168293379,CCL28
11.890298950629207,-0.12492518934210962,0.1427078853106013,-0.8753909363187049,0.38136122972836894,0.6528259168293379,EBP
33.526615961989194,-0.13213063146082124,0.15190494455656026,-0.8698244276809814,0.3843963598519996,0.6562664348755292,BIRC6
26.767636282369622,-0.151249414226327,0.17467194236665753,-0.8659056066877427,0.3865419282118985,0.6585223894270935,CHST12
14.592036549568833,0.18518510046612469,0.2146098960392442,0.8628917113508185,0.3881970083091265,0.6599349141255151,CD58
3.433725104671643,-0.3531988527886003,0.4173599633269917,-0.8462691293459725,0.39740262518362357,0.6741501008953614,KCNK17
4.827460041737667,-0.24547240937098555,0.2939311962414854,-0.835135611700476,0.40364135783609645,0.6813368239596042,RXRA
6.3706519394418715,-0.14273049300754687,0.17110921516816802,-0.8341484873697175,0.40419731483961496,0.6813368239596042,ZFYVE27
4.840833247171044,-0.22308579331109235,0.26651541617299696,-0.8370464887715384,0.4025664372176011,0.6813368239596042,TMEM106C
10.369021717310318,-0.18045197858105025,0.21676003486510673,-0.832496537903532,0.4051287315501658,0.6814691715970158,NUP210
42.03443978525569,0.09117167052700118,0.11000413747784601,0.8288021943298491,0.40721634635460235,0.6821087227197636,UQCRC2
3.461029876181071,-0.18317883468925913,0.22100570256767402,-0.8288421183755114,0.4071937516774464,0.6821087227197636,SIDT2
17.780939168043673,0.24254569726477743,0.29742635743117485,0.8154815173732646,0.4147967399369623,0.6880963208208429,CD38
19.883915402955925,0.12524478706253564,0.1545819911898358,0.8102158996563037,0.4178161009013215,0.6880963208208429,RNF149
8.84046070085842,-0.2038986130553083,0.2529875070794148,-0.8059631695224495,0.42026408580797414,0.6880963208208429,ANO6
3.7996797013933574,-0.21136575484735648,0.25976145487637886,-0.8136917578781885,0.41582155703720813,0.6880963208208429,BTN2A2
9.65497938388944,-0.28671563401061156,0.3542672383160076,-0.8093202052030005,0.41833098706218264,0.6880963208208429,ICAM1
24.529476145173287,-0.10948755215532711,0.13541221320329822,-0.8085500529479593,0.41877400437334955,0.6880963208208429,HSD17B12
8.063393913003097,0.18951514200196132,0.2310761838052605,0.8201413874900897,0.4121355106934498,0.6880963208208429,MPZL1
4.197363704948065,0.30482890105769184,0.372579903690877,0.8181571202256873,0.4132674762508627,0.6880963208208429,SEMA4A
3.7688006626953725,-0.28296462064341615,0.3504844784073887,-0.807352787573405,0.4194632593419366,0.6880963208208429,TSPAN33
45.51046264621419,-0.09485246409732473,0.11628583964737511,-0.8156837013427869,0.4146810632436083,0.6880963208208429,TGOLN2
108.52708454214252,-0.09323085473563221,0.11558622645105926,-0.8065913872108922,0.41990193748465043,0.6880963208208429,SNRPD2
15.022461416258956,0.11565417283478988,0.14411594720584053,0.8025078076168853,0.42225927386723605,0.6899492020857292,GMPS
7.597146961513738,-0.11384050242983594,0.1438238548472293,-0.7915272647278028,0.4286363723883736,0.6946865345604675,TOR3A
3.059532210506772,0.47909259344880956,0.6031828819628037,0.794274187440143,0.42703582766834347,0.6946865345604675,PIEZO2
19.968050502787186,0.09777493737462863,0.12341709851003536,0.792231696863934,0.4282255898046464,0.6946865345604675,ATP6AP1
5.8941326719674025,0.14860185424281588,0.18692265205886074,0.7949911506499603,0.42661864981899444,0.6946865345604675,PIGN
8.8438754100078,0.166832085222485,0.2122750699799711,0.7859240618233041,0.43191197694175565,0.6952784241222658,ADAM15
11.33145678395814,-0.2135529969408616,0.2709473749881826,-0.7881714925275646,0.43059640156340373,0.6952784241222658,COL24A1
16.652751522649005,0.12177430276655127,0.15506664209970417,0.7853030227368519,0.4322759239747862,0.6952784241222658,CLDND1
5.095247880815267,-0.19075883022824805,0.2430200621266927,-0.7849509565543625,0.4324823238908212,0.6952784241222658,AARS
2.669352637203413,0.270730742094783,0.3503378891618811,0.7727703753152605,0.43965828875877966,0.6975215377547986,SVOPL
6.448222050130917,-0.18241584298862915,0.2352581466532665,-0.775385871153195,0.4381116813629138,0.6975215377547986,SCARB1
10.746347021957016,-0.13783723516203555,0.17883771830908582,-0.7707391732867616,0.4408615476422695,0.6975215377547986,UGGT1
34.26932983705236,0.09161473016421208,0.11857977988250884,0.772599934449075,0.4397591833058767,0.6975215377547986,TMED2
3.8404691461242666,0.1618322904542908,0.20858005105912122,0.7758761666446233,0.4378221061234683,0.6975215377547986,VSIG10
9.286940011401501,-0.24265101272428313,0.3130813785345136,-0.7750413450333445,0.43831522908490095,0.6975215377547986,SLC5A3
3.317375658449845,0.22922807977835427,0.2969623557495457,0.7719095546631584,0.4401679979271753,0.6975215377547986,ACP2
14.98142341934582,0.14740837954467567,0.1906630775294697,0.7731354253520407,0.43944223765239965,0.6975215377547986,APMAP
3.3104459974405027,0.3175378318191666,0.4160786717628145,0.7631677693880425,0.4453633478187903,0.701055351562434,SLC2A6
6.390966051074369,-0.16822559061240136,0.2202952145092794,-0.7636370630525671,0.44508355602251304,0.701055351562434,SV2A
22.791737835737273,0.10976231056470975,0.14393970678147178,0.7625575528742051,0.445727307376366,0.701055351562434,GOLIM4
6.713230166708663,-0.11990509115232474,0.1577168586631451,-0.7602553853067825,0.44710194444846796,0.7018358617177326,B4GALT3
17.242227457435945,0.09869148768966006,0.13026435320780863,0.757624670597482,0.44867570671991697,0.7019676904184227,RNF13
134.45440303115257,-0.10343566827575323,0.1366067496525738,-0.7571783132152461,0.4489430410560876,0.7019676904184227,CD37
6.53490594329467,-0.1848018634777369,0.2446527375330633,-0.7553639715670954,0.45003062453348497,0.7022938847700283,CASD1
7.21317151419729,0.1485668531440825,0.19930733812367707,0.7454158715013877,0.45602035200182434,0.710253920564245,ATP11C
9.747783646119666,0.16831953955038065,0.22685038541964492,0.7419848074712789,0.45809654049310744,0.7120994860972624,NAAA
8.38535192770641,0.532457867136973,0.7203160179759982,0.7392003701835145,0.45978533609297867,0.7133210541315866,DSC2
10.534140713152995,-0.12317230219815688,0.1669572662987475,-0.7377474783143411,0.46066791480838387,0.7133210541315866,RARA
2.5928259431215746,0.22334950588437646,0.30492219048470903,0.7324803272905019,0.46387544588024054,0.7168984163603718,ZDHHC23
2.8270736533100833,-0.15661600115848792,0.21533676665081247,-0.727307294496785,0.4670377305691309,0.7194456574556916,SLC5A6
9.11545283905877,0.1610503297303934,0.2215763146617807,0.7268391027092603,0.46732452593179463,0.7194456574556916,TMEM63A
9.900503489326375,0.1319522589968185,0.18389789025907008,0.7175300315350435,0.4730471128703073,0.7208940709819386,TMEM106A
6.327573200540771,-0.17461081116549726,0.2432621716235337,-0.7177885899815137,0.4728876497029707,0.7208940709819386,EPHB6
15.552686201803004,-0.12996825566445522,0.17998523267815716,-0.7221051067942867,0.470229858707775,0.7208940709819386,ABCC1
65.67121228199315,-0.12220035389338484,0.1691134768181106,-0.7225938239376215,0.46992946374520794,0.7208940709819386,ICAM3
11.430000988198564,-0.17766377126001384,0.24740484232078103,-0.7181095147267083,0.47268976394556306,0.7208940709819386,SLC36A4
16.600432563205324,0.08993642244468715,0.1255207852115108,0.716506212840673,0.4736788326226755,0.7208940709819386,ACAA1
31.11224297927045,-0.1283003878791064,0.1811677320441181,-0.7081856489093907,0.4788299769867076,0.7273481969817098,TMX4
3.159317368369769,-0.18522774174646006,0.26263951939610425,-0.7052546477862903,0.48065177845457796,0.7287301157214569,ATG9A
3.145730808829499,0.2850243249477625,0.40657195664545465,0.7010427558738733,0.4832763329282561,0.7313215719880239,CSF2RB
4.454425655347423,-0.23196401119667426,0.3344133029719649,-0.6936446879809702,0.4879050614504976,0.7355398945263162,AEBP1
6.976557510174326,-0.11706251321994415,0.16875455826091587,-0.6936850442815933,0.48787974711879356,0.7355398945263162,SCAP
2.9265135576847676,0.22531871500372286,0.3279707160751847,0.6870086381494813,0.4920772849941075,0.7390408847937817,ADAMTSL4
15.445273468437572,-0.15536224573581053,0.22599101207617378,-0.6874709056280667,0.4917860288582001,0.7390408847937817,ITGA6
4.23378978592982,-0.17238618108964462,0.25312411121972095,-0.6810342177952663,0.49584983920010295,0.7426826299629435,ABCA2
6.8784712177940035,0.5578475668404883,0.8232412642075031,0.6776234271705304,0.498010488289658,0.7426826299629435,ELANE
41.325197325795294,-0.10018599894890957,0.14762942702141835,-0.6786316317164491,0.4973712952520961,0.7426826299629435,STT3B
2.6891912515460117,0.19390583701734412,0.2862953946969711,0.6772928961102692,0.49822013724673053,0.7426826299629435,GRIK5
4.818626704603466,0.15799407305879712,0.23448604738410606,0.6737888024526711,0.5004455948329021,0.7432268220659642,GNS
5.2528734683096125,0.16739199177770903,0.24795474799541173,0.6750908911040757,0.49961802047271164,0.7432268220659642,SLC11A2
2.801863854908932,0.16931313696595357,0.25221977956746044,0.6712920662142912,0.5020344878554118,0.7435190280329282,SLC29A3
5.075160089250354,0.1324651627357598,0.19754528941137048,0.6705559172302655,0.5025034732638063,0.7435190280329282,PLOD3
8.794693864399566,-0.17649939243381443,0.26408082996885374,-0.6683536720731722,0.5039078604493077,0.7442188179279055,SLC7A5
4.648570200992367,0.12989218783052375,0.19662791989829254,0.6605989012023908,0.5088695738781338,0.7489679507245177,NAGPA
7.997111711062666,-0.10988943008168454,0.1663987101261501,-0.6603983287993953,0.5089982443597161,0.7489679507245177,TXNDC15
9.559835428101763,-0.13378016521812133,0.21016850111454555,-0.6365376567310093,0.5244260449526035,0.7498378374788586,MAN2B1
9.797406687216206,-0.1134964398545201,0.1757705305703195,-0.6457080119531996,0.5184684708870484,0.7498378374788586,SLC9A7
3.860094570985295,-0.1518888994535618,0.23670281199085144,-0.6416860795867194,0.5210770294253031,0.7498378374788586,SLC38A9
2.726612505838581,-0.16303528775214157,0.2508081985380097,-0.6500397064469715,0.5156665737729678,0.7498378374788586,SLC9A6
5.714008392882383,-0.17496141939862275,0.27279387259039456,-0.641368582575646,0.5212832401107372,0.7498378374788586,ATP8B2
18.614276607251725,-0.07156493764422839,0.11075670928584225,-0.6461453947636954,0.5181851991048698,0.7498378374788586,GINM1
9.519485200804214,-0.15177704103752554,0.2367591277059943,-0.6410609910085542,0.5214830573741027,0.7498378374788586,SULT1A1
5.724508064224695,-0.18943371207943285,0.2882895881055588,-0.6570952261032426,0.5111196883182132,0.7498378374788586,CD300LF
14.29191982124989,-0.11726285250407319,0.1807769721990158,-0.6486603414011134,0.5165579436216754,0.7498378374788586,NRROS
4.7562389824569395,0.11240089853494549,0.17705845193388492,0.63482368284185,0.5255434155045817,0.7498378374788586,CASP7
22.306403177292093,0.18469628245852093,0.2908744301234177,0.6349691252687784,0.5254485516985771,0.7498378374788586,CD84
19.109383293712387,0.1008581798550975,0.1544503524313734,0.6530135947725442,0.5137475142310126,0.7498378374788586,KIDINS220
2.8413326576311375,0.17721605095096435,0.27500406349717005,0.6444124813915268,0.5193079930160966,0.7498378374788586,LMBRD2
21.763441884517537,0.17514383606219275,0.27587335830959414,0.6348704243692882,0.5255129277149166,0.7498378374788586,PLD3
40.48271593571932,-0.10804556997173746,0.16625490909797158,-0.6498789753514453,0.5157703999191299,0.7498378374788586,PBXIP1
6.818883084915394,0.22010184120233048,0.3448148437088107,0.6383189274421205,0.5232660935066002,0.7498378374788586,ITGAL
18.05944525849336,0.10717345702871559,0.1663711472409037,0.6441829536315544,0.5194568033922747,0.7498378374788586,PPT1
4.1385655725535235,0.16738998861852317,0.26429011148029824,0.6333569866877197,0.5265005471605781,0.7498644156529447,GPR180
53.938834140041905,0.13775494927381635,0.21953088074525642,0.6274969098022576,0.5303335611668873,0.7539795647194715,ITM2A
95.97645698104499,0.08697338751554325,0.13892243007151647,0.6260571994800972,0.5312774242003744,0.7539798613429824,SPN
7.033955395115751,-0.17133920143840697,0.27513892896787373,-0.622737037180272,0.5334573397855393,0.7556235194059628,ITGA9
2.5329598663618973,-0.19842729318356503,0.31931558499196083,-0.6214143703275888,0.5343270193546545,0.7556235194059628,KIAA1549
21.68808398597471,-0.08751903298875341,0.1414266847629848,-0.6188297006001764,0.5360285539404146,0.7566904851561683,RCN1
27.6514679895485,-0.06832695720196513,0.11209955274402852,-0.6095203373200333,0.5421795966854808,0.7635438691117895,CCDC47
38.68875619480472,0.1014127206042884,0.167427241154867,0.6057121882005064,0.5447058891035295,0.7635438691117895,CTSD
12.72582884565682,0.13429246866515074,0.2212923407907989,0.6068554753646244,0.5439468286371967,0.7635438691117895,SLC44A1
13.758348179500826,-0.08751305580883365,0.1444505929916275,-0.605833828691212,0.5446251035565939,0.7635438691117895,GNPTG
619.1907731823519,0.1444370541060047,0.24173253798114447,0.5975077054677307,0.550168464010728,0.7693380836391776,CD74
7.142667186282894,-0.08877255576262572,0.14879397749095902,-0.5966139037315518,0.550765186284868,0.7693380836391776,APH1B
9.468355321936736,-0.1131686141884588,0.19021531653342585,-0.5949500610723537,0.5518768528171689,0.7695455591639057,NR2C1
8.009843063951445,-0.2015146762741945,0.33996415770077837,-0.5927527114536555,0.5533466592267756,0.770250837495111,TMIGD2
72.73506620368845,-0.050700048259461776,0.08650248518589529,-0.586110886300047,0.5578010011045813,0.7732741408582525,SSR2
2.893614881363628,-0.1384409858083962,0.23705219978611597,-0.5840105509812047,0.5592132134468921,0.7732741408582525,FKBP7
41.52591519303551,0.05097622402507067,0.08707399708008656,0.5854356723533105,0.5582548085895863,0.7732741408582525,RPN2
5.388108207195609,-0.13688723312267898,0.2344970960265329,-0.5837480951456663,0.5593898040251188,0.7732741408582525,MAN2B2
5.947116920137241,0.10041892493164471,0.17306663056385113,0.5802327381337455,0.5617576791294883,0.7737682513591567,SLC41A3
7.4567040865231204,-0.1164830188051579,0.20071436204218102,-0.5803422217523153,0.5616838600813396,0.7737682513591567,ZDHHC5
16.3823034985097,-0.12169694760297219,0.21021878947528863,-0.5789061382511564,0.5626525081848186,0.7737682513591567,EVI2A
11.138432220801109,-0.11218314227611574,0.19473858482861528,-0.5760704401484966,0.5645675705966804,0.7750678503552365,MAN2A1
6.1456347112047345,0.25157454132735635,0.4437618797684887,0.5669133668232232,0.5707730421930316,0.7822429857842749,CPVL
7.597262356088188,0.16086900023089187,0.28753193941716265,0.5594821937242137,0.5758326801942919,0.7850273466494057,TSPAN13
42.78638288341119,-0.14237615552192492,0.2560674048825099,-0.5560104597742561,0.5782037043272531,0.7850273466494057,IL1B
3.1372878849844263,-0.15563439255843575,0.2797668480110418,-0.5563003396038303,0.5780055550470671,0.7850273466494057,SLC46A3
4.111441739213434,-0.12919949214404958,0.2304023221431367,-0.5607560329352271,0.5749638631991909,0.7850273466494057,SLC4A2
5.023437428895784,-0.11515554011562398,0.20707509534258378,-0.5561052135463773,0.578138931243511,0.7850273466494057,CLN3
32.248715993112214,-0.09415159752472081,0.1695554586654441,-0.5552849685039906,0.5786997586689611,0.7850273466494057,EVI2B
2.2580852170899948,0.1551529996411662,0.2868978385052731,0.5407952895340984,0.5886486899467868,0.794815382328357,MBTPS2
31.59161426508918,0.05305902944445255,0.09891854430066623,0.5363911268566373,0.5916882625314874,0.794815382328357,ATP6AP2
25.901091047754488,0.06532011947286817,0.12146522882627074,0.5377680518454727,0.5907371909100674,0.794815382328357,LRPAP1
20.001478461578472,0.08219480356872591,0.15320179172073164,0.5365133308529257,0.5916038251764392,0.794815382328357,ITGAE
3.70342054421239,-0.12688726697350777,0.2366822118050553,-0.5361081680190619,0.5918837953509042,0.794815382328357,POMT1
14.847924614879506,-0.1564101320450574,0.29011417418012847,-0.5391330240484706,0.5897950701661376,0.794815382328357,SPNS3
7.0392348384004455,-0.17530631410816166,0.32856317389711553,-0.5335543604258466,0.5936498916532766,0.7958494352868591,PLD4
8.60896825586153,-0.10003000996069832,0.19123277987934065,-0.523079829848276,0.6009187011792936,0.8042446268714499,RELT
9.872199897409198,-0.09429713570941213,0.18122838903035568,-0.5203220986178794,0.6028390959840837,0.8054656148683661,ERAP1
21.70339404302227,-0.08316487623243736,0.161179911223731,-0.5159754438442249,0.6058715601000773,0.8070876786859931,SIGIRR
3.5262627609612083,0.2171294514640107,0.42164128152193714,0.5149625071821007,0.6065792198937867,0.8070876786859931,CD4
6.242701100800256,0.08213293644035376,0.1597168038418259,0.5142410470578497,0.6070834729540449,0.8070876786859931,OGFOD1
2.982468610597805,-0.20700514517512916,0.4052507303381348,-0.5108075807843884,0.6094858003727851,0.8089354725877995,MRC2
61.542200723288495,-0.10743764512803405,0.21348383564634626,-0.5032589226381216,0.6147822427352438,0.814611960108557,FLT3
9.59874788548089,0.07853924457624037,0.15685976425001547,0.5006971988754129,0.6165842439490701,0.81564703793925,QSOX1
3.2856410259220468,-0.12048137846563252,0.24304706648396046,-0.495712127731373,0.6200975293121316,0.8189387205295755,NPC1
2.7657183107826966,0.1795031138786854,0.3645361261033778,0.4924151573053711,0.6224258862865544,0.8206572329091698,GPRC5C
2.3649817170454166,0.21109322021775961,0.43240671742164816,0.48818210197210826,0.6254208608557376,0.8232475581939609,SULF2
3.1441134315630026,-0.15629802915910498,0.3226644397303546,-0.48439806162005544,0.6281033938224313,0.8240634017473278,FZD6
33.578196781588495,0.050863716557654745,0.10494312097872721,0.484678901135075,0.6279041352659629,0.8240634017473278,SERINC3
9.575216805726052,-0.07865475885345856,0.16420909625789934,-0.4789914849170534,0.6319446863480824,0.8249290599585302,TM9SF4
16.46857067867506,0.08915604787844598,0.18665212702839318,0.47765889035319553,0.6328930084537909,0.8249290599585302,DMTF1
5.382571884736357,-0.13830164739572917,0.28948029965125405,-0.4777584089913735,0.6328221665409342,0.8249290599585302,ENPP4
4.660490903585653,-0.1683980853766915,0.35123420772982544,-0.4794467101172155,0.6316208703617903,0.8249290599585302,BMPR2
183.59259802964857,-0.08467618886652768,0.17996013166075847,-0.47052748897822627,0.637978199451257,0.8297538464338952,MYADM
3.676186867892167,-0.1653845711298438,0.35221410634247624,-0.4695569204971925,0.6386716089572535,0.8297538464338952,TMEM217
6.536518690093652,0.1110531561367539,0.23994909511246604,0.46281964966236866,0.6434936453685456,0.8316828115718896,MFSD12
12.275267343952908,-0.10540001711318323,0.22619580114263005,-0.4659680532563121,0.6412383678633092,0.8316828115718896,ALCAM
8.109508254752717,0.21225957033617485,0.4594103876677805,0.46202605782102807,0.6440626340001057,0.8316828115718896,NPW
4.039104881801116,-0.2038294944534358,0.441507392707144,-0.4616672287266496,0.6443199754230284,0.8316828115718896,SDC4
88.34079397982457,0.05563428738196648,0.12167242039612296,0.4572464918577328,0.6474938848835712,0.834431635519312,TMEM123
15.021069918915405,0.0591166521157334,0.1306859573841939,0.4523565752511631,0.651012124970021,0.8376146342206873,ERGIC2
2.8243099611893774,0.18983264786672874,0.4251929716515764,0.4464623371580252,0.655263312411147,0.8417289173898816,LILRB2
9.696416308300389,0.090103135827529,0.2040112057346378,0.4416577780767998,0.6587368671274554,0.8434787769789052,NOTCH2
39.60488564852194,0.053204999071158096,0.12022949063463699,0.4425286906757487,0.6581066735524101,0.8434787769789052,ASAH1
13.5115868773959,-0.15201529138941383,0.3457776858074546,-0.4396330290499519,0.6602029147379256,0.844003406200964,LDLR
27.305911029423797,0.055883974165167105,0.1278681805437527,0.4370436329626608,0.6620797047048076,0.8447240562856535,SERINC1
5.012964565917681,-0.09165508961995968,0.21024757222574308,-0.43593887268077225,0.6628810804644615,0.8447240562856535,CHRNB1
52.34196998723712,-0.06968761479346287,0.1616375945932,-0.43113494090807625,0.6663702559008973,0.8478182077465238,CLEC2B
4.692434322281357,-0.09339156400509298,0.21758067676046272,-0.429227288909984,0.6677578255923157,0.8482329135902388,SLC20A2
9.75617596267918,-0.21396420478372966,0.506895366465625,-0.42210724133387706,0.6729467426444734,0.8521148135862666,NEGR1
4.512691716987806,-0.08618363784600142,0.20371357037518126,-0.4230628214275376,0.6722494270167665,0.8521148135862666,HS6ST1
29.81111060347439,-0.045640514180302724,0.10913167452778988,-0.41821510004119455,0.6757898565295626,0.8530112091107749,ATRAID
18.951281769594953,0.06378918830524594,0.15245983332179164,0.41839996093009185,0.6756547151290535,0.8530112091107749,MYL6B
4.203993375161867,-0.15971363575114322,0.38798380131081667,-0.411650267901766,0.6805957815363582,0.8574155023627754,GPR27
8.983365658814826,0.10027408229128358,0.24426178795429443,0.4105189073210525,0.6814253366712921,0.8574155023627754,SLC26A2
10.943077074921742,-0.06489270293217027,0.16020301647413926,-0.4050654248613699,0.6854294204176845,0.8582646236646542,TGFBR2
15.828727783506041,0.20039232713296365,0.49632824092177796,0.40374959676039424,0.6863968642324331,0.8582646236646542,LPAR6
19.976779036084316,-0.07696930378833611,0.18953514383026313,-0.4060951559319544,0.6846726848509088,0.8582646236646542,P2RX1
11.973683579670075,0.24459305228877173,0.5995803294807689,0.40794042142874687,0.6833174158535391,0.8582646236646542,SCN9A
24.337011669291698,0.05674629154151136,0.1417659637227605,0.40028149247787853,0.6889491979054041,0.860110014260028,MFNG
4.696083567932941,-0.09069588922536931,0.22995888444819293,-0.39440045746874386,0.6932854060939846,0.8612439322353802,ABCC5
8.037905145300234,-0.0644060055978897,0.16491658487226132,-0.3905368623039118,0.6961396027912773,0.8612439322353802,LMF2
5.838971661313112,-0.1044523646841633,0.26787423912036146,-0.38993060709070526,0.6965878605816422,0.8612439322353802,LTB4R
30.70930850256599,0.04806683866062041,0.1220347105969324,0.3938784172593324,0.6936708055344538,0.8612439322353802,LMAN2
2.54897110152613,0.11386010840600524,0.29121794813888124,0.3909790214980348,0.6958127425310505,0.8612439322353802,NAGLU
36.67426166100941,0.053313539567790676,0.137113139582865,0.38882881487496224,0.6974027836749574,0.8612439322353802,CREG1
3.331086558818348,0.1306923158378265,0.3339341959901521,0.3913714660168576,0.6955226805058338,0.8612439322353802,PLXNA3
6.1896619466920795,0.08576703848115445,0.22174674813976056,0.386779238932054,0.6989196482603439,0.8617851835802698,EXTL2
8.721117403086478,0.07323805036390785,0.19042012459867613,0.38461297364583813,0.7005241806309742,0.8624326969555446,NPTN
10.448408489201807,0.11244209758221685,0.2951954735367684,0.38090725523340896,0.7032720687222709,0.8633506035810528,UBASH3B
6.493037913404288,-0.05780820772167217,0.15184981708005707,-0.38069329837384636,0.7034308422168527,0.8633506035810528,INTS12
97.88502738447555,-0.05316893075739224,0.1433822577778991,-0.3708194554988217,0.7107720094826389,0.8674035015133661,TPI1
22.003778020451715,-0.05909061218942655,0.161430383929794,-0.36604393021282183,0.7143322953639486,0.8674035015133661,HEBP1
5.957102652283623,0.09387451159169952,0.2526847535851291,0.37150841220055386,0.7102588915411117,0.8674035015133661,DPEP2
32.30973236816045,0.06512428520632416,0.1758225192718615,0.3703978618667569,0.7110860666857797,0.8674035015133661,AKR1C3
11.110565356787493,-0.07022500924809838,0.1917177006729925,-0.36629382160116347,0.7141458393802123,0.8674035015133661,GLA
4.041102893496903,0.09148921167199275,0.2497016830494414,0.3663940529142437,0.7140710567716249,0.8674035015133661,MGAT5
9.763371212767469,-0.07010261760009544,0.18710069396222676,-0.3746785547158273,0.7078995431921657,0.8674035015133661,KIAA0319L
4.213098632023581,0.08534411062036384,0.2346567242835824,0.3636976987594252,0.7160837619690095,0.8682108130701648,CLCN6
3.4400351243344724,-0.08952043283888714,0.24865005748596553,-0.36002578782407846,0.7188278489717104,0.8702173504975707,ADCY3
19.165064580394453,-0.06482763633245178,0.1853360916607636,-0.34978419881169887,0.7265006583894352,0.8752442835001906,CYTH1
13.874207961733106,-0.05085177477296374,0.14420419891788885,-0.3526372682248954,0.724360394226183,0.8752442835001906,TP53I13
15.527021122965278,0.06336583599311081,0.18251670239638657,0.3471782864863184,0.7284573823875178,0.8752442835001906,HGSNAT
73.89480103724388,-0.05753956874703871,0.16472829215487098,-0.34929985611058423,0.7268642064631753,0.8752442835001906,CD82
5.744025112352026,-0.08450302860542755,0.24264565459699722,-0.3482569211708162,0.7276472431119103,0.8752442835001906,TRAP1
11.163598151938068,0.14761995492104532,0.42946629558644156,0.3437288477305732,0.7310502142602273,0.8770407225133959,GPR183
4.032122810935911,0.0870588725014486,0.255485240383311,0.340758911829239,0.7332850846981993,0.8784029725245297,CLSTN3
3.8168183059967395,-0.0674005763119973,0.20167008451584686,-0.33421206954817884,0.7382195369568751,0.8814433842439812,GBA
4.237683902719589,-0.19006532119321434,0.5664054884374334,-0.3355640527381814,0.7371996353925239,0.8814433842439812,COL6A2
12.63459092516599,0.040145910922562214,0.12055755585620909,0.33300203075155965,0.7391327502421369,0.8814433842439812,PIGT
5.79503641489678,-0.06383310385432323,0.19384393488689486,-0.329301527497205,0.7419277896726792,0.8834579790588238,LMBR1
206.2669056936877,0.05966849000220904,0.18328156873261003,0.3255564125450037,0.7447599947053096,0.8855107675142001,CD44
5.154247255174519,-0.07047162064248284,0.2176675093843738,-0.3237581063053316,0.7461211755656966,0.885811024185723,MEGF9
37.424421128581955,0.051410744092953806,0.1624507994458251,0.31646962814792745,0.75164607465818,0.8897262424472383,IL18
11.139216973807237,0.05291621157736869,0.16649711094481962,0.31782059927097567,0.7506210242894265,0.8897262424472383,IFNAR2
12.671396703956763,-0.07935242392963962,0.2533138139548216,-0.3132573888915197,0.754085120775024,0.8912929164190002,ERAP2
11.279486441923002,0.09931019963296031,0.3249875716399505,0.3055815308007679,0.7599232845012659,0.8955438116762706,SLC2A5
7.097284664287658,0.05668482381685722,0.18465905792768708,0.3069701776506146,0.7588660718094709,0.8955438116762706,NCLN
6.864290738499633,0.1067147026166277,0.35180285993749055,0.3033366546127258,0.7616333149161807,0.8962371408218386,PLAU
37.96351771676738,0.03266702591760147,0.1092071019961657,0.2991291346486643,0.7648415171875779,0.898688782695404,METTL9
7.9206598618768504,0.06920297245418239,0.23717353587979303,0.2917820160561953,0.7704532963142993,0.902627835418072,HYOU1
2.5260413338051815,-0.07361764694999377,0.25103229984332254,-0.2932596601948871,0.7693236852697213,0.902627835418072,SLC16A5
3.4907539029757357,0.1501402865368665,0.5278324741985833,0.28444685364390854,0.7760679571396174,0.907874520870504,PTAFR
12.683575735249129,-0.0673467866324158,0.24054354290842436,-0.2799775284679121,0.7794947453848494,0.9091087010922588,ENG
2.491285100788757,0.09495617699684673,0.3392138182677646,0.2799301557989343,0.7795310907623315,0.9091087010922588,THBS3
51.92726396104875,-0.08043933322917701,0.28870613316788823,-0.27862010531795656,0.7805363816636915,0.9091087010922588,ATP8B4
24.738193355434777,-0.04579594785143773,0.16588034463614626,-0.27607820535874705,0.7824879999888048,0.9100551848486974,LNPEP
3.460492859924108,-0.06340932274446144,0.23654614994182974,-0.2680632204753903,0.7886506558592488,0.9132346000457097,GPR137
6.479955370265071,-0.08604816511156257,0.3176751061545309,-0.2708684547340799,0.786492207795123,0.9132346000457097,TNFRSF12A
10.504946660696154,-0.05881437831953497,0.21910918486228617,-0.2684249788821076,0.7883722144108685,0.9132346000457097,SLC12A2
15.10746470225287,-0.0765484980478781,0.2995263228170173,-0.25556517813842394,0.7982866094320371,0.9208998039114258,PLAUR
7.031181260026433,-0.10150956033055897,0.4004292656856068,-0.2535018517109542,0.7998804304312008,0.9208998039114258,C3orf80
45.58392038636724,-0.018687393361842136,0.07257188538403132,-0.25750183094945606,0.7967914020569069,0.9208998039114258,XRCC6
3.74644921663344,-0.0755428760360492,0.2975291759215509,-0.2539007336072731,0.7995722480230042,0.9208998039114258,RECK
9.594632983370985,0.08469002375953866,0.3533901163381358,0.23965023311094627,0.8106014188951869,0.9292260167822873,NRXN2
4.625427992702975,0.10765011029514558,0.4449247229530077,0.24195128915440245,0.808817907521204,0.9292260167822873,JAG1
11.951353059046212,0.06776296156471869,0.2812185631717575,0.240961908063415,0.8095846396932944,0.9292260167822873,SERPING1
12.824658246322555,0.05610408603003674,0.2369772060005429,0.2367488712391529,0.8128516187596131,0.9304705492678093,ACTN1
14.465574324919743,-0.0583240574442624,0.2508291540542386,-0.2325250334801614,0.8161302460689382,0.9307017738496834,KIT
12.958738130480205,0.03632460354989084,0.156580344038674,0.23198699538505912,0.8165481144788838,0.9307017738496834,GUSB
5.093052240615368,-0.05298391625740581,0.22627171857625605,-0.23416057733945062,0.8148603189727629,0.9307017738496834,LRIG2
12.038224976497348,-0.04506625590636269,0.20526080619197354,-0.21955606987246135,0.8262169076965047,0.9316697012205019,AKAP11
7.954469867238854,-0.03967452480475105,0.17499189734285278,-0.2267220677481927,0.820639866330244,0.9316697012205019,LRRC8B
22.002657651482636,0.02752777690826272,0.12572568318562113,0.21895110219938724,0.8266881383050839,0.9316697012205019,TMED4
3.4276414259862134,-0.05802775559812282,0.2651145548752311,-0.2188780454752173,0.8267450489858477,0.9316697012205019,DLG4
5.212052704545378,0.09361367316073463,0.42847729602068035,0.21847989153716182,0.8270552241256256,0.9316697012205019,CD79A
6.282915844264063,0.10677180829659962,0.49451958679320646,0.2159101704928999,0.8290577691711851,0.9316697012205019,STAB1
3.027493699387875,-0.05863182106831495,0.2576012832349291,-0.22760686721751877,0.8199518808043438,0.9316697012205019,ERMAP
10.974568104838742,-0.03222107627605686,0.14860622401958323,-0.21682184907551913,0.8283471838788324,0.9316697012205019,MMGT1
2.9441109519415933,-0.06748131286796041,0.3026907413136713,-0.22293814662150868,0.8235836467118672,0.9316697012205019,F2RL1
4.100519382711607,-0.058068371936894396,0.26376034195093373,-0.22015581079166413,0.8257498101679386,0.9316697012205019,ABCC4
1.98295920846343,0.05517602974076669,0.2580022734282891,0.21385869592386636,0.8306572508992658,0.9321561003771255,SMPD1
35.37980024975971,0.029082610732024523,0.14035191112683154,0.20721207498017963,0.8358442374926509,0.9353495038608236,TM7SF3
5.397096554256308,-0.04132699222364798,0.19873317882110852,-0.20795215207043435,0.8352663276844154,0.9353495038608236,FUT11
68.43342638600943,0.021644909488833464,0.10700018451012829,0.2022885249023531,0.8396911703401939,0.9383402029396014,YWHAQ
4.459540431565197,0.04941854113766798,0.2474335496982344,0.19972449652821117,0.8416960542949902,0.9392669656168954,GAA
4.802244593680584,-0.046669894099872065,0.23766450644698534,-0.19636880069966398,0.8443215142677983,0.9406552496306901,VEGFB
19.634872072293092,0.05836496663041843,0.3025984221516807,0.1928792827649391,0.8470535103276529,0.9406552496306901,CALCRL
26.389910161371738,-0.02614417858687642,0.13608351939541263,-0.1921186246727665,0.8476492862754654,0.9406552496306901,LTA4H
4.044989153392729,-0.0470288601463292,0.24230385718938924,-0.19409043129499404,0.8461050738835811,0.9406552496306901,ATP13A2
3.5582513436885117,-0.05470404470802883,0.2880216727528621,-0.18993030692856158,0.8493637432150252,0.9412505281952914,CCDC126
3.257981039545809,0.09667870719890369,0.5171524659073513,0.18694430283587557,0.8517043028238378,0.9412860308967469,CLEC7A
5.320904239999885,0.09029606052467183,0.4831675259002962,0.18688354594283066,0.8517519403483704,0.9412860308967469,VNN1
18.04930790763566,-0.03016672456016799,0.1649325961099947,-0.18290335125780469,0.8548738533332436,0.9434312276426265,ASPH
9.147875916478265,0.09474065717957374,0.5247266157912412,0.18055241401603617,0.8567189099948882,0.943879351649791,MARCKS
3.0135012653874544,-0.0440935000981947,0.24581620858497844,-0.1793758855529318,0.8576425648282205,0.943879351649791,LMAN2L
15.56295632313027,-0.03566928835634178,0.2046903604840327,-0.174259736863008,0.8616613403861314,0.9469978142620619,PIEZO1
43.12882890458273,0.04668470267455279,0.2718920508573451,0.1717030804223367,0.8636709639567814,0.9479026101668523,EMP1
19.13424769286846,0.029051564452096446,0.1740924189535016,0.16687437986519008,0.8674688923647644,0.9507649451295567,ICAM2
2.842873961747448,0.05087816629605517,0.3083100518842591,0.16502272950592947,0.868926091764955,0.9510574620824644,BACE1
5.8323971763048705,0.041172388188826015,0.25528688655405435,0.16127889976874388,0.871873741244441,0.9529782753136912,BRI3BP
2.2568956588969473,0.042412843721479826,0.26675288567965694,0.1589967569176115,0.8736714289345239,0.953638622566509,NAGA
4.627640496687399,-0.04078849038969231,0.2671692320919426,-0.15266911563999072,0.8786592173504886,0.9565147178163909,TNFSF13
57.1377541669183,0.030254132674846695,0.2067712906171028,0.14631689237202192,0.8836712311839203,0.9565147178163909,GLIPR1
37.36497725075234,-0.01713627408290489,0.11253818668153032,-0.15227074994018258,0.8789733940383474,0.9565147178163909,P4HB
2.7236579218922565,0.037843577051523594,0.2625481917657011,0.1441395455707245,0.885390277909976,0.9565147178163909,MEGF8
20.87156086378038,0.02244008552755058,0.15353939451910056,0.1461519735559397,0.8838014179030067,0.9565147178163909,TSPAN3
3.4798049094184207,-0.0834285958777989,0.5813231918995009,-0.14351499654639965,0.885883468315556,0.9565147178163909,THBS1
14.010599793329948,-0.01817295344121656,0.12465030928544528,-0.14579148295252978,0.8840859996819679,0.9565147178163909,ADIPOR1
15.064999859532268,0.06716699891272428,0.4560850007698988,0.14726859861504407,0.8829200168761354,0.9565147178163909,TM4SF1
17.017049362805896,-0.02550864939384253,0.18311115442445172,-0.13930691155336977,0.8892076285080166,0.9588082256112083,PSEN1
9.766407320437736,0.03299679048491149,0.23997793985608154,0.13749926557707834,0.8906361732163186,0.9590543159027475,TCIRG1
19.038898256888327,0.020489176894399535,0.15139343675494252,0.13533728630234446,0.8923452060501148,0.9596013723203791,TM2D1
6.948591499347979,-0.030008605519128605,0.2338825551318321,-0.12830630100741683,0.8979065788402076,0.9634804727337627,ITGAV
3.837394199946535,0.03146304281624116,0.24758158448816683,0.12708151489249775,0.8988758818110937,0.9634804727337627,TMEM25
4.704792213135327,-0.05559470936621314,0.4405126896911177,-0.12620455815971043,0.8995700033283942,0.9634804727337627,MMP2
24.901124786507673,0.013884648916818905,0.11465918298875458,0.12109495772511016,0.9036158229391169,0.963937306446401,PRKCSH
6.74484454809774,0.023450466076638365,0.19343897074868294,0.12122927446251433,0.9035094374443563,0.963937306446401,SLC7A1
52.775970789748825,-0.025735594415501613,0.21231869080229493,-0.12121210016063004,0.9035230402437578,0.963937306446401,ANGPT1
8.986205644279053,-0.01723347562705728,0.14575953823739476,-0.11823223258974358,0.9058836511505365,0.9647553151038113,TMED7
186.63565098546516,0.010853289892813364,0.09270066684757264,0.11707887614939587,0.9067975489899402,0.9647553151038113,PCBP2
5.744653711555216,0.02221073123986059,0.19605033681698525,0.11329096190533205,0.909799882463625,0.9653786269434745,PTGES2
16.85696812892499,0.015694373465540246,0.1371323865621937,0.11444687764128113,0.9088835551036107,0.9653786269434745,CRTAP
26.759522701681398,-0.015431398523154886,0.14866591898522222,-0.10379916680627259,0.9173287276911254,0.9720764634286594,SLC39A10
8.31623437631207,0.02243553680953932,0.22669276487778883,0.09896891425553182,0.9211629517297307,0.9748466204398077,PLXNB2
13.204217183098244,-0.026265196021628634,0.28574640831091597,-0.09191785183542851,0.9267633077924027,0.9756045888354805,TNFRSF14
67.95481169824664,-0.010006928920226237,0.10857750393612604,-0.09216392491499079,0.9265677997638214,0.9756045888354805,CCT4
6.172025534228918,-0.019197555844897837,0.2024675523281718,-0.09481793810487354,0.9244594385179581,0.9756045888354805,SLC8B1
103.82190727607615,-0.00940783252304405,0.1010597933576011,-0.0930917450994021,0.9258306754148666,0.9756045888354805,RSL1D1
10.559385123643173,-0.011780952298456054,0.14907534374725356,-0.07902683302498234,0.937011280135723,0.9767972203554315,P4HA1
9.322448237911564,0.027080377960353383,0.3390430165009047,0.07987298555751589,0.9363382755688097,0.9767972203554315,CD200
12.187310982773528,0.0192638385945351,0.23476946275032562,0.08205427728486968,0.9346035518993322,0.9767972203554315,ATP13A3
4048.58080888091,-0.011244987234606384,0.13020399877868202,-0.08636437697831673,0.931176764143654,0.9767972203554315,EEF1A1
3.1793301935872913,0.02013701635486735,0.23613109493313053,0.08527896912759377,0.9320396108214968,0.9767972203554315,TSPAN17
12.955318003763185,0.02282555789453978,0.2903123551908215,0.07862413530260055,0.9373315897664949,0.9767972203554315,CPD
7.060920565639887,0.013058371122189737,0.16794361256925214,0.07775449701491369,0.938023342932438,0.9767972203554315,DPY19L4
9.924211673684315,0.03349897927801771,0.4370165266015221,0.07665380423601818,0.9388989552352583,0.9767972203554315,DMXL2
3.3152206982155925,0.041956622037586835,0.4970707968428486,0.08440773890575518,0.9327322544896008,0.9767972203554315,CTSG
5.416756467600135,0.014013880848273352,0.19151036459553836,0.07317557395846466,0.9416664034244855,0.9771317614755376,GPR107
5.979759373180381,0.018424023094274412,0.246852984173864,0.07463561016259769,0.9405046403146068,0.9771317614755376,TMEM154
3.477901501127181,0.02137907624336983,0.3208859596019975,0.06662515327840086,0.9468801208118559,0.9812674663147509,ICOSLG
10.885407047301788,-0.008279137900913258,0.16399998189467846,-0.05048255374948857,0.9597378517677718,0.9816081129830145,TMEM131
2.77242353474928,0.014220087799743696,0.27064272538245243,0.0525419176874195,0.958096895957793,0.9816081129830145,LPAR2
5.661542374623922,0.013886782394915613,0.23889365712557278,0.05812955673250095,0.95364543132414,0.9816081129830145,PPARA
3.299588324157818,0.014291999529170601,0.32028921161265833,0.044622169623542075,0.9644084714539004,0.9816081129830145,TNFRSF10A
4.771685760872638,-0.013576816663644721,0.26200593758883023,-0.05181873658508847,0.9586731259715725,0.9816081129830145,NIPAL2
17.909663405229637,0.009250132248925732,0.1766450832833479,0.05236563665962918,0.9582373545063377,0.9816081129830145,TBXAS1
5.3840038201780995,0.023010964798099404,0.49428171653252145,0.04655435155385803,0.962868414735991,0.9816081129830145,PROK2
12.489684014485324,0.011340606323058321,0.2313347629611251,0.04902249094730335,0.9609013723016815,0.9816081129830145,SLCO3A1
2.403739585065244,-0.01638987176035358,0.2950763411473899,-0.05554451331686696,0.9557046681650404,0.9816081129830145,TMEM62
5.782470417549185,0.016492847780738524,0.30625050281814004,0.053854108414419254,0.9570513997500474,0.9816081129830145,SLC44A2
12.336572704028521,0.009785355963186096,0.19815628159108656,0.04938201244298207,0.960614862662605,0.9816081129830145,CD300A
16.75096353047618,0.007410410843246037,0.12345987756228212,0.060022826764166266,0.9521374543356698,0.9816081129830145,RNF167
5.929894140747381,-0.010135127262838337,0.22580328669940827,-0.044884764128036485,0.964199161069642,0.9816081129830145,ERMP1
78.89354460626369,0.005561550999697433,0.1091497351432652,0.05095340810857289,0.9593626472300635,0.9816081129830145,SSR4
4.813928666522415,-0.0067811925911576785,0.1765310174779619,-0.03841360395492107,0.9693579146004138,0.9818994244467287,SLC39A9
74.02860618173652,0.0035977406874187086,0.0984179295035414,0.03655574452304699,0.970839230679494,0.9818994244467287,CANX
136.8854839113367,0.007433995793016221,0.2027559395653113,0.03666474979206021,0.9707523153246349,0.9818994244467287,PTPRC
151.53071707459307,0.00317332326726188,0.07676311022478416,0.0413391700514673,0.9670255065604944,0.9818994244467287,HNRNPK
5.643279968833381,0.008095643039840974,0.21587001475780804,0.03750239721308099,0.9700844287933541,0.9818994244467287,RFNG
31.022032633503848,-0.004269995114148197,0.1244096719697129,-0.034322051063583804,0.9726203410210528,0.9824572091982567,ATP1B3
7.742079071220807,0.004000126357328216,0.15613542984562376,0.025619594228441765,0.9795607572647335,0.9869723140662321,TCTN3
14.303700018562685,-0.005096992987943616,0.19405820910580077,-0.02626527891517709,0.9790457487630856,0.9869723140662321,EDEM3
85.25997701740063,-0.0033295747225338293,0.17574852508914443,-0.018945107623776523,0.9848848953079126,0.9900336640387314,APLP2
10.803490076160175,-0.0036913962858298325,0.19735948828882327,-0.018703921041929868,0.9850773002638191,0.9900336640387314,HEXB
75.15941108043177,-0.003827977275193779,0.24133212144638805,-0.015861863941904496,0.9873445943380844,0.9910657423066952,CD34
7.286823088410351,0.0021004284821954235,0.15716026245685685,0.013364882759546334,0.9893366838372468,0.9918193354905397,BTN2A1
2.4123370877812524,0.0030951045458127296,0.31258192374487015,0.00990173874654044,0.9920996846262293,0.9933429173137308,ADCY6
8.339986348265308,0.0021685087390118547,0.26920649956563364,0.008055187161196914,0.9935729600339743,0.9935729600339743,MFSD6
