gene1,gene2,gene1_coef,gene2_coef,interaction_coef,gene1_pval,gene2_pval,interaction_pval,roc_auc,aic,bic,model_type,converged,lspc_coverage,hspc_coverage,specificity_ratio,lspc_n_both,hspc_n_both,mean_gene1_lspc,mean_gene1_hspc,mean_gene2_lspc,mean_gene2_hspc,corr_gene1_gene2_lspc,corr_gene1_gene2_hspc,anchor_lspc_coverage,anchor_specificity,efficacy_retention,specificity_gain,interaction_qval
CD9,EMP3,0.07336572445379105,-0.026327324914602525,0.022789230023144733,0.22537579482291148,0.5859868292243031,0.0007110577288772179,0.6380201605758403,27743.42252526388,27775.419715693406,logit_clustered,True,0.33303484207098666,0.07998355094068058,4.158592347105986,4091,778,2.8573780787749072,0.8223883473743883,5.746702865814444,5.270247004203009,0.3010227364725013,0.025657102244047148,0.3818788668186259,3.3502708399315373,0.8698177698816402,0.808321507174449,0.004266346373263307
CD9,CD99,-0.05730770781092315,0.08849771987965627,0.03430760952110465,0.430554338997454,0.24094858719678613,2.3820176797281507e-06,0.7411402645193261,26900.79007887293,26932.78726930246,logit_clustered,True,0.37316834907196356,0.08481546211576026,4.394586566145575,4584,825,2.8573780787749072,0.8223883473743883,7.808976320575288,6.368302744154621,0.22237782143811202,-0.03330114623010168,0.3818788668186259,3.3502708399315373,0.9746381464525639,1.044315726214038,0.00010004474254858233
CD9,CD63,0.12871426980600423,-0.017249500195536206,0.014448350349992308,0.016274143434395896,0.6965442676501175,0.005675668152188788,0.6256173251350938,27908.058476204766,27940.055666634293,logit_clustered,True,0.3206610224682514,0.08327336280456461,3.8460847887341725,3939,810,2.8573780787749072,0.8223883473743883,5.514283535846814,5.135686973499577,0.23852155323239374,0.04852539252196382,0.3818788668186259,3.3502708399315373,0.8374999255839112,0.4958139488026352,0.023837806239192908
CD9,RTN4,0.08282826486964916,0.04536658364682794,0.021968665953338764,0.11719391978716175,0.19206206181069985,5.556219254635349e-06,0.6998350599835288,27452.3092448687,27484.306435298226,logit_clustered,True,0.33677955063497234,0.07124498817723861,4.720437401970389,4137,693,2.8573780787749072,0.8223883473743883,6.048932116334326,4.893983395563396,0.1936406229966101,-0.027005275956806844,0.3818788668186259,3.3502708399315373,0.879598170129637,1.3701665620388517,0.00011668060434734234
CD9,CD47,0.1334387211125932,0.1373534772570853,0.015660321399492815,0.005637737964792321,9.470462415989874e-08,0.0001343062850886094,0.7503304223537681,26250.49106271027,26282.488253139796,logit_clustered,True,0.31341582546401825,0.04965559782049964,6.299106817984786,3850,483,2.8573780787749072,0.8223883473743883,5.571593555278139,3.257669768109533,0.13395189140621516,-0.020907987502147365,0.3818788668186259,3.3502708399315373,0.818576977278004,2.9488359780532485,0.0014102159934303987
CD9,ENO1,0.16576698346234225,0.03326261734728085,0.006631580502265859,0.000964081394311984,0.32350134099968963,0.15959371259898036,0.685201879931709,27910.309929826937,27942.307120256464,logit_clustered,True,0.34809508303484205,0.09612419039786162,3.6175423414378525,4276,935,2.8573780787749072,0.8223883473743883,7.068985793878478,6.535410497751143,0.08215955387110224,0.03576831206485059,0.3818788668186259,3.3502708399315373,0.9091519882703234,0.2672715015063152,0.2714256892013095
CD9,ITM2B,0.16981130550345655,-0.0010866111798237558,0.006238005736989696,0.00226242658599002,0.9795411042020211,0.32321519655590536,0.6025859430374995,27992.08502666614,28024.082217095667,logit_clustered,True,0.34793226961901663,0.0996196155032384,3.4891056073889244,4274,969,2.8573780787749072,0.8223883473743883,6.678183290472913,6.340949510709779,0.1748412163918334,0.0822136977881439,0.3818788668186259,3.3502708399315373,0.9087267534769323,0.1388347674573871,0.4525012751782675
CD9,PTGES3,0.13874193091412432,0.051370788018743875,0.011739731473688309,0.0071607069695349065,0.3103199233078383,0.01713056443608645,0.707195429025486,27696.175704377943,27728.17289480747,logit_clustered,True,0.3341745359817649,0.083376169425311,4.003232758311489,4105,811,2.8573780787749072,0.8223883473743883,6.233271162638131,5.265089117691692,0.12663784772431813,0.02308176662097685,0.3818788668186259,3.3502708399315373,0.8727944134353782,0.6529619183799515,0.06540760966505735
CD9,SPN,0.18659907543697477,0.09114665530734133,0.0052451363645867445,0.0002204946364983879,1.5313370158818298e-05,0.06794312361542221,0.7171227372793377,27365.252598207204,27397.24978863673,logit_clustered,True,0.30022793878215565,0.06764675645111545,4.43162085551348,3688,658,2.8573780787749072,0.8223883473743883,5.780523291537474,4.433221907480566,0.029893388831341915,-0.006060135519089815,0.3818788668186259,3.3502708399315373,0.7841329590133191,1.0813500155819429,0.15575238780306142
CD9,PTPRC,0.10233380677958777,0.11168139444165925,0.016520113585968603,0.04374744168313059,0.008317861650931624,0.00039230966116724116,0.7381574832390225,26817.181762710814,26849.17895314034,logit_clustered,True,0.3467111690003256,0.07268428086768788,4.763544612477525,4259,707,2.8573780787749072,0.8223883473743883,6.736786616487673,4.886931437063871,0.15395647546713637,-0.005724354322239555,0.3818788668186259,3.3502708399315373,0.9055374925264984,1.4132737725459878,0.00316085043101024
CD9,HNRNPK,0.1474605232169616,-0.03584707626355003,0.010055202396861132,0.0003309542170557454,0.2533403586572365,0.04192509665638132,0.6431873691337164,27940.105895210727,27972.103085640254,logit_clustered,True,0.3422338000651254,0.09735786984681813,3.511607637259464,4204,947,2.8573780787749072,0.8223883473743883,6.65678283458818,6.7580087481559765,0.10154980113797915,0.01153525541099821,0.3818788668186259,3.3502708399315373,0.8938435357082413,0.16133679732792672,0.10357965056282444
IL1RAP,YBX1,0.14345933650762788,0.07127192184267277,0.007208144650620689,7.180233479101336e-11,0.19637907619694206,0.07045941352995636,0.7052925357204466,28364.741226937993,28396.73841736752,logit_clustered,True,0.3023445131878867,0.09478770432815874,3.1863402674624868,3714,922,2.294560363850193,0.703020623633938,7.9786159236774195,7.39702071063748,0.0536584397456323,0.025693396067353293,0.317730380983393,3.0976042703319284,0.9485901916693655,0.08873599713055835,0.15575238780306142
PLP2,IL2RG,0.11420812922795176,0.1753545600659873,0.002255457285098327,0.030287410433780537,1.33924997241295e-06,0.6202833822823379,0.7135159732062712,27047.503071636133,27079.50026206566,logit_clustered,True,0.3104037772712471,0.08275932970083273,3.7461536122965713,3813,805,4.441815715835201,2.5054910403707304,3.2614125380382064,1.1232429413124327,0.16529096071176533,0.12646934441723004,0.5883262780853142,1.6540755114307724,0.5267095475187877,2.092078100865799,0.7017176691986701
PLP2,EMB,0.11393750687886194,0.2546592583562725,0.0028571033175518123,0.018553153114087007,8.727730741320907e-19,0.3644635180243908,0.7774642606391209,24672.017658984896,24704.014849414423,logit_clustered,True,0.3827743406056659,0.07587128611082554,5.038408064426889,4702,738,4.441815715835201,2.5054910403707304,4.532162607033113,1.1849952348860404,0.08636483187033368,0.07102348908845718,0.5883262780853142,1.6540755114307724,0.6495117472943457,3.384332552996117,0.46386265930377013
HCST,IL2RG,0.17843239744674386,0.18272386520348957,-0.0021847641040471217,0.003045487043232667,8.635579390469554e-06,0.6348874149892676,0.75388720168714,25870.385786557024,25902.38297698655,logit_clustered,True,0.33254640182351025,0.07957232445769508,4.173926191899771,4085,774,5.145167474247747,2.3321667821951904,3.2614125380382064,1.1232429413124327,0.14131945349068664,0.15073297810350836,0.6581732334744383,2.048179844882762,0.5044901475605894,2.1257463470170093,0.7017176691986701
HCST,EMB,0.16531481398915876,0.24488863609164813,0.0038584040681977684,0.005096733626458041,1.741642987020031e-18,0.2981564423563148,0.7989428309153803,23663.286944649964,23695.28413507949,logit_clustered,True,0.42478020188863563,0.06579623727768068,6.446198135694015,5218,640,5.145167474247747,2.3321667821951904,4.532162607033113,1.1849952348860404,0.1112658573087801,0.05619809722927052,0.6581732334744383,2.048179844882762,0.6444136083160724,4.398018290811253,0.43181277858501066
HCST,TNFRSF1A,0.1676450056728698,0.0812305657490998,0.0090791221256873,0.007727475145453957,0.14049139735078323,0.0223910570072676,0.730513600920901,26544.683419174624,26576.68060960415,logit_clustered,True,0.33971019211983067,0.09417086460368047,3.603554433790224,4173,916,5.145167474247747,2.3321667821951904,3.3556547989496637,1.8473598277585346,0.10697228735448094,0.015588907733242329,0.6581732334744383,2.048179844882762,0.5153579891726657,1.555374588907462,0.07234033802347993
HCST,GNPTAB,0.18763119431402794,0.1525463561784592,-0.0009684195907657053,0.0017527304805474984,3.1523834366088076e-07,0.7801113112354315,0.7459091183446813,26074.727591682662,26106.72478211219,logit_clustered,True,0.3489905568218821,0.09684383674308625,3.5999251581794973,4287,942,5.145167474247747,2.3321667821951904,3.603005972034138,1.6336853817081083,0.06873688694566775,0.09287819171377369,0.6581732334744383,2.048179844882762,0.5294367839883101,1.5517453132967352,0.7801113112354315
IL2RG,PLP2,0.17535456006598732,0.11420812922795176,0.0022554572850983262,1.339249972413009e-06,0.03028741043378078,0.6202833822823394,0.7135159732062712,27047.503071636133,27079.50026206566,logit_clustered,True,0.3104037772712471,0.08275932970083273,3.7461536122965713,3813,805,3.2614125380382064,1.1232429413124327,4.441815715835201,2.5054910403707304,0.16529096071176533,0.12646934441723004,0.44513187886681865,2.713370009868571,0.6957668617173853,1.0327836024280002,0.7017176691986701
IL2RG,HCST,0.18272386520348946,0.17843239744674375,-0.0021847641040471065,8.635579390470664e-06,0.003045487043232711,0.6348874149892729,0.75388720168714,25870.385786557024,25902.38297698655,logit_clustered,True,0.33254640182351025,0.07957232445769508,4.173926191899771,4085,774,3.2614125380382064,1.1232429413124327,5.145167474247747,2.3321667821951904,0.14131945349068664,0.15073297810350833,0.44513187886681865,2.713370009868571,0.7453993260203303,1.4605561820312003,0.7017176691986701
IL2RG,CD47,0.18311130537624679,0.15447997019517518,0.0012994529572452438,1.4558536846623093e-06,1.1305658920781924e-07,0.6937052562394622,0.7530846087106702,26342.762541660704,26374.75973209023,logit_clustered,True,0.34988603060892215,0.09345121825845584,3.7400478275150295,4298,909,3.2614125380382064,1.1232429413124327,5.571593555278139,3.257669768109533,0.08309648095528217,0.08170612419405415,0.44513187886681865,2.713370009868571,0.7842659249046217,1.0266778176464584,0.7283905190514354
EMB,PLP2,0.2546592583562724,0.11393750687886182,0.0028571033175518283,8.727730741323985e-19,0.01855315311408709,0.3644635180243908,0.7774642606391209,24672.017658984892,24704.01484941442,logit_clustered,True,0.3827743406056659,0.07587128611082554,5.038408064426889,4702,738,4.532162607033113,1.1849952348860404,4.441815715835201,2.5054910403707304,0.0863648318703337,0.07102348908845715,0.5970367958319766,3.526617899055299,0.6400514872553252,1.5117901653715902,0.46386265930377013
EMB,HCST,0.24488863609164807,0.1653148139891587,0.0038584040681977757,1.741642987021045e-18,0.005096733626458087,0.2981564423563169,0.7989428309153803,23663.286944649968,23695.284135079495,logit_clustered,True,0.42478020188863563,0.06579623727768068,6.446198135694015,5218,640,4.532162607033113,1.1849952348860404,5.145167474247747,2.3321667821951904,0.1112658573087801,0.05619809722927052,0.5970367958319766,3.526617899055299,0.7102910804972964,2.919580236638716,0.43181277858501066
EMB,LY6E,0.24934869387999092,-0.030157370509210277,0.0072163588162104724,7.690101572316408e-16,0.4771363037312025,0.025737056916023064,0.7362893846690657,25464.231923757783,25496.22911418731,logit_clustered,True,0.3413383262780853,0.09869435591652102,3.4550387328453094,4193,960,4.532162607033113,1.1849952348860404,4.036116910117568,4.093747077160479,0.05475469763009018,-0.005407057908490504,0.5970367958319766,3.526617899055299,0.5707647567123733,-0.07157916620998961,0.07584407932798669
EMB,GNPTAB,0.2585606453534234,0.13835745724309573,0.0028449846333043548,2.8143647331600343e-21,1.2093199088963664e-07,0.24019521031030167,0.7760355632907319,24460.26044294086,24492.257633370387,logit_clustered,True,0.3228590035818951,0.04986121106199239,6.462193303947101,3966,485,4.532162607033113,1.1849952348860404,3.603005972034138,1.6336853817081083,0.09018940290720139,0.05127397496328308,0.5970367958319766,3.526617899055299,0.5398647806156146,2.9355754048918024,0.3736369938160248
EMB,TM9SF2,0.2579972341017444,0.0921501121757319,0.0050813892845515286,1.1545973186397183e-20,0.0014674073057975607,0.021739173322912572,0.7625209199421645,24958.302363966053,24990.29955439558,logit_clustered,True,0.304379680885705,0.053459442788115555,5.683025532768324,3739,520,4.532162607033113,1.1849952348860404,3.37230840631243,1.9316553530618656,0.07732553013862796,0.025430668997307518,0.5970367958319766,3.526617899055299,0.5089648045188561,2.1564076337130254,0.07234033802347993
EMB,ITM2C,0.2822953611152428,-0.0018149004496641492,-0.0012190673079471397,4.292225487542428e-22,0.9462075353988388,0.682012541369023,0.7281742732574537,25512.88306156463,25544.880251994156,logit_clustered,True,0.31097362422663627,0.0987971625372674,3.144414018040731,3820,961,4.532162607033113,1.1849952348860404,3.722108980667944,3.690534824658928,-0.0006569596573137545,0.0462315622597672,0.5970367958319766,3.526617899055299,0.5199907871789329,-0.38220388101456804,0.7283905190514354
EMB,CD47,0.24139012096401208,0.134545784873344,0.00414423068857808,1.971860542796886e-16,4.783761023872947e-06,0.08293234651495264,0.7946452396601095,24307.47215903048,24339.469349460007,logit_clustered,True,0.4654835558450016,0.0940680579829341,4.9431151689393475,5718,915,4.532162607033113,1.1849952348860404,5.571593555278139,3.257669768109533,0.12631717646868276,0.0758420832526992,0.5970367958319766,3.526617899055299,0.7783527018557954,1.4164972698840486,0.17415792768140057
EMB,ACTN4,0.26400516448391864,0.033292894991610957,0.003211211569953022,9.431950210905679e-21,0.4051016157101631,0.3388399418889102,0.7480322750857444,25419.543637192928,25451.540827622455,logit_clustered,True,0.3088570498209052,0.07720777218052842,3.995161690853864,3794,751,4.532162607033113,1.1849952348860404,3.4118023129088626,2.6191824198661697,0.08130179184217112,0.05885201097102324,0.5970367958319766,3.526617899055299,0.516451582868291,0.46854379179856487,0.4590734696559428
EMB,SSR3,0.259567077193182,0.043599485137302094,0.004071245116676784,3.260173600925181e-19,0.17916933432227122,0.14358433280640404,0.7519671014126887,25351.718087395355,25383.715277824882,logit_clustered,True,0.33205796157603384,0.07916109797470958,4.189419148369431,4079,770,4.532162607033113,1.1849952348860404,3.6915331383241914,2.729234223403552,0.08889534622849436,0.05204846688848593,0.5970367958319766,3.526617899055299,0.5552467070426353,0.6628012493141324,0.2714256892013095
EMB,MYH9,0.27197385727315976,-0.005427525495871841,0.0015430656488026543,3.656806078559008e-19,0.9090022345017241,0.6345278009712612,0.730504399042074,25513.18444704968,25545.181637479207,logit_clustered,True,0.3266037121458808,0.09776909632980364,3.3371485422249845,4012,951,4.532162607033113,1.1849952348860404,3.7312330277622907,3.4884272953857542,0.0670992926532437,0.06489580308579695,0.5970367958319766,3.526617899055299,0.5461264497805965,-0.18946935683031452,0.7017176691986701
EMB,TMEM219,0.24615276680452072,0.0006707376001166676,0.008722345991721827,4.368576194145459e-21,0.9878463636274099,1.1730519266376232e-05,0.7411814825759181,25443.4423403997,25475.439530829226,logit_clustered,True,0.3375936177140996,0.08574072170247764,3.932790999639925,4147,834,4.532162607033113,1.1849952348860404,3.737165006029641,3.231941248357515,0.08418958433137716,0.01399920090255242,0.5970367958319766,3.526617899055299,0.5645030875473913,0.40617310058462586,0.00016422726972926724
EMB,PTTG1IP,0.2736256572520492,0.021231339622346333,0.0009116526062831351,1.0391243835753228e-17,0.5678886266881011,0.7458303147957799,0.7471265281688635,25483.515501189686,25515.512691619213,logit_clustered,True,0.3005535656138066,0.08409581577053563,3.569697173941813,3692,818,4.532162607033113,1.1849952348860404,3.552262153652866,3.1388819164988795,0.022838057346839993,0.027575445980949652,0.5970367958319766,3.526617899055299,0.5025670121111572,0.043079274886514085,0.7640212980834818
EMB,M6PR,0.2576176293390631,0.020718623464600183,0.0057574786850080805,5.0427012593412334e-21,0.5920535748546489,0.031696922310201485,0.7439366062774572,25433.786864187896,25465.784054617423,logit_clustered,True,0.30942689677629437,0.07525444638634728,4.1062858479490645,3801,732,4.532162607033113,1.1849952348860404,3.402661771058669,2.76028458683164,0.0701328776071414,0.027670415018641193,0.5970367958319766,3.526617899055299,0.5174044455673099,0.5796679488937655,0.0832044210642789
EMB,RALY,0.2642794976686454,-0.01887427396735668,0.003960717077320425,3.429645290366163e-21,0.6914931268229216,0.16357487613952726,0.733739673349454,25498.81393615652,25530.811126586046,logit_clustered,True,0.30625203516769783,0.09273157191323121,3.299007318910302,3762,902,4.532162607033113,1.1849952348860404,3.506041869366202,3.5212273446476936,0.024111311634198565,0.01930689496934906,0.5970367958319766,3.526617899055299,0.512095639101347,-0.2276105801449968,0.2714256892013095
EMB,BSG,0.2584213692927535,-0.040967676247241694,0.005579153752006505,1.2949753036124115e-19,0.22583853627409856,0.027087171188566676,0.7402935326534213,25446.192104499707,25478.189294929234,logit_clustered,True,0.3199283620970368,0.09931119564099929,3.2182327154819124,3930,966,4.532162607033113,1.1849952348860404,3.6273280286412484,3.8447814519558867,0.046831473654149025,0.01626114830104259,0.5970367958319766,3.526617899055299,0.5349643438778027,-0.3083851835733866,0.07584407932798669
EMB,LAMP2,0.2545332449235991,0.07861646851633039,0.004618264830349501,2.6394469120598033e-18,0.009305484471184549,0.16802542664842968,0.7604072077852364,25070.526407671285,25102.52359810081,logit_clustered,True,0.3407684793226962,0.06631027038141256,5.131261736559248,4186,645,4.532162607033113,1.1849952348860404,3.767546373512381,2.298749664840381,0.11751572190229918,0.05304978449943327,0.5970367958319766,3.526617899055299,0.5698118940133543,1.6046438375039487,0.2714256892013095
EMB,CTSD,0.24800301523065568,-0.019047324301757717,0.008258210856366573,7.575078694643538e-18,0.6763544857870796,0.003618597717505792,0.7329080143200817,25469.244837326623,25501.24202775615,logit_clustered,True,0.33384890915011395,0.08995579315307906,3.70713418272414,4101,875,4.532162607033113,1.1849952348860404,3.7062055940451875,3.4164076424817957,0.10489553074869937,0.02233376030858373,0.5970367958319766,3.526617899055299,0.5582414183824094,0.1805162836688412,0.01899763801690541
EMB,TMED2,0.24600378524332572,-0.014992619358318252,0.008509050576429047,4.989299023313191e-20,0.7517491034333557,0.00045155006157289137,0.7319370549977259,25466.31306246719,25498.310252896717,logit_clustered,True,0.34394334093129275,0.09293718515472396,3.6968373490589106,4225,904,4.532162607033113,1.1849952348860404,3.8942580871065817,3.677362703607251,0.05917311194756758,-0.002138710845347258,0.5970367958319766,3.526617899055299,0.5751207004793172,0.1702194500036116,0.00316085043101024
EMB,CREG1,0.25015642251018205,-0.033385178945470814,0.007735745172723555,2.048214410703859e-17,0.4546400221596091,0.004527265052029156,0.739143653488862,25459.792960598927,25491.790151028454,logit_clustered,True,0.3400358189514816,0.09735786984681813,3.489054495916456,4177,947,4.532162607033113,1.1849952348860404,3.737685847907702,3.6445567465125075,0.10187739782887503,0.03246474342994218,0.5970367958319766,3.526617899055299,0.5685867848289012,-0.03756340313884321,0.021127236909469396
EMB,IL18,0.25493234321107744,0.0725294869490061,0.004557944152279455,6.689843232360138e-23,0.04827802310491463,0.10914603248457737,0.7582474527575792,25135.528577807345,25167.525768236872,logit_clustered,True,0.33458156952132856,0.07062814845276036,4.730529171773767,4110,687,4.532162607033113,1.1849952348860404,3.6588852908949083,2.2911842443682886,0.10135727709556408,0.06542112926049917,0.5970367958319766,3.526617899055299,0.5594665275668623,1.2039112727184684,0.21829206496915474
EMB,GLIPR1,0.2550713545037424,0.027542599036896112,0.004287917203076334,5.943601825179896e-20,0.41411610355102735,0.16147776702993077,0.7492698043430324,25418.091244882668,25450.088435312195,logit_clustered,True,0.37886681862585475,0.09561015729412974,3.958480785498532,4654,930,4.532162607033113,1.1849952348860404,4.381810334211938,3.3990294152393195,0.14658701194100382,0.0751757356912323,0.5970367958319766,3.526617899055299,0.6335175716049093,0.43186288644323323,0.2714256892013095
