Name,Term,ES,NES,NOM p-val,FDR q-val,FWER p-val,Tag %,Gene %,Lead_genes
prerank,Parkinson disease,0.6587705470656595,3.125202323683032,0.0,0.0,0.0,106/157,18.84%,VDAC1;NDUFAB1;NDUFA12;PSMB1;GNAI2;COX5A;PSMA5;TUBB6;TXN;PSMA4;PSMA7;SDHC;BAX;COX8A;PSMB2;PSMB3;COX7A2;PSMD7;PSMB5;VDAC3;NDUFA8;SLC25A6;COX6C;COX5B;NDUFS3;PSMB4;SLC25A5;PSMB6;NDUFV2;SDHD;NDUFS8;UBE2L3;NDUFA4;EIF2S1;COX6A1;PSMD4;COX7B;PSMD13;COX6B1;PARK7;NDUFB3;ADRM1;SDHB;NDUFC2;UQCR10;NDUFB9;DAXX;UBA52;NDUFB5;CALM2;PSMC1;NDUFB7;UQCRFS1;NDUFB11;NDUFB4;TXN2;NDUFA9;NDUFB2;VDAC2;NDUFC1;MAPK9;UQCRC2;NDUFS6;UBE2L6;COX7A2L;NDUFA11;PSMD8;NDUFB10;UQCRH;PSMB7;NDUFB1;COX7C;UQCRC1;CYC1;CALM1;PSMD1;PSMD2;UBE2J1;GNAS;PSMC5;PINK1;NDUFA3;NDUFS2;NDUFA6;UQCRQ;CALM3;NDUFA1;COX4I1;MFN1;UQCRB;NDUFS4;NDUFS5;GNAI3;PSMD3;KIF5B;NDUFB6;PSMA1;UBE2J2;NDUFS7;PSMA3;TUBA1C;PSMD11;PSMD6;PSMC2;PSMD14;NDUFA2
prerank,Diabetic cardiomyopathy,0.6529993690065445,3.017910797458378,0.0,0.0,0.0,74/123,16.25%,VDAC1;NDUFAB1;NDUFA12;PPP1CA;RAC2;COX5A;SDHC;COX8A;COX7A2;CPT2;MPC1;VDAC3;NDUFA8;SLC25A6;COX6C;COX5B;NDUFS3;RAC1;SLC25A5;PDHA1;NDUFV2;PDHB;SDHD;NDUFS8;NDUFA4;COX6A1;NCF4;CYBA;COX7B;PARP1;COX6B1;NDUFB3;MPC2;SDHB;NDUFC2;UQCR10;NDUFB9;CD36;NDUFB5;NDUFB7;UQCRFS1;NDUFB11;NDUFB4;NDUFA9;NDUFB2;VDAC2;NDUFC1;MAPK9;UQCRC2;NDUFS6;TGFB1;COX7A2L;NDUFA11;NDUFB10;UQCRH;NDUFB1;COX7C;UQCRC1;CYC1;NCF2;NDUFA3;NDUFS2;NDUFA6;AKT1;UQCRQ;NDUFA1;PRKCD;COX4I1;SMAD2;UQCRB;NDUFS4;PPP1CC;NDUFS5;NDUFB6
prerank,Oxidative phosphorylation,0.698919454137591,2.986463362653136,0.0,0.0,0.0,65/85,20.85%,NDUFAB1;NDUFA12;COX5A;SDHC;COX8A;COX7A2;NDUFA8;COX6C;COX5B;NDUFS3;PPA1;NDUFV2;SDHD;NDUFS8;NDUFA4;COX6A1;COX17;COX7B;COX6B1;NDUFB3;SDHB;NDUFC2;ATP6V1F;UQCR10;NDUFB9;ATP6V1G1;NDUFB5;NDUFB7;UQCRFS1;NDUFB11;ATP6V0E1;NDUFB4;NDUFA9;NDUFB2;NDUFC1;UQCRC2;NDUFS6;COX7A2L;NDUFA11;NDUFB10;UQCRH;NDUFB1;COX7C;UQCRC1;CYC1;NDUFA3;ATP6V1E1;NDUFS2;NDUFA6;UQCRQ;NDUFA1;COX4I1;PPA2;UQCRB;NDUFS4;NDUFS5;COX11;NDUFB6;ATP6V0B;NDUFS7;NDUFA2;ATP6V1B2;ATP6V1A;NDUFS1;COX15
prerank,Prion disease,0.6245888507812968,2.969516127327282,0.0,0.0,0.0,100/161,18.84%,VDAC1;NDUFAB1;NDUFA12;PSMB1;RAC2;COX5A;PSMA5;TUBB6;PSMA4;PSMA7;SDHC;BAX;COX8A;PSMB2;PSMB3;COX7A2;PSMD7;PSMB5;VDAC3;NDUFA8;SLC25A6;COX6C;COX5B;NDUFS3;RAC1;PSMB4;CSNK2A1;SLC25A5;PSMB6;CCL5;NDUFV2;SDHD;NDUFS8;NDUFA4;EIF2S1;COX6A1;NCF4;PSMD4;CYBA;COX7B;PSMD13;COX6B1;NDUFB3;ADRM1;SDHB;NDUFC2;UQCR10;MAPK1;NDUFB9;NDUFB5;PSMC1;NDUFB7;UQCRFS1;NDUFB11;NDUFB4;NDUFA9;NDUFB2;VDAC2;NDUFC1;MAPK9;UQCRC2;NDUFS6;COX7A2L;NDUFA11;PSMD8;NDUFB10;UQCRH;PSMB7;NDUFB1;COX7C;UQCRC1;CYC1;PSMD1;PSMD2;NCF2;PSMC5;NDUFA3;NDUFS2;NDUFA6;UQCRQ;NDUFA1;PRKCD;COX4I1;CSNK2B;UQCRB;NDUFS4;NDUFS5;PSMD3;KIF5B;NDUFB6;PSMA1;CSNK2A2;NDUFS7;PSMA3;TUBA1C;PSMD11;PSMD6;PSMC2;PSMD14;NDUFA2
prerank,Huntington disease,0.5612624114092799,2.767217277448262,0.0,0.0,0.0,113/194,21.45%,VDAC1;NDUFAB1;NDUFA12;PSMB1;COX5A;PSMA5;TUBB6;PSMA4;PSMA7;SDHC;BAX;COX8A;PSMB2;PSMB3;AP2M1;CLTA;COX7A2;PSMD7;PSMB5;VDAC3;NDUFA8;HDAC1;SLC25A6;COX6C;COX5B;NDUFS3;PSMB4;SLC25A5;DCTN3;PSMB6;NDUFV2;SDHD;NDUFS8;NDUFA4;COX6A1;PSMD4;COX7B;PSMD13;COX6B1;NDUFB3;ADRM1;SDHB;NDUFC2;POLR2L;UQCR10;NDUFB9;ACTR10;NDUFB5;PSMC1;NDUFB7;UQCRFS1;NDUFB11;POLR2G;CLTC;REST;NDUFB4;NDUFA9;NDUFB2;VDAC2;NDUFC1;MAPK9;UQCRC2;DCTN2;NDUFS6;ACTR1B;GPX7;COX7A2L;NDUFA11;PSMD8;NDUFB10;UQCRH;PSMB7;NDUFB1;COX7C;UQCRC1;CYC1;PSMD1;PSMD2;PSMC5;NDUFA3;NDUFS2;NDUFA6;UQCRQ;NDUFA1;COX4I1;POLR2E;UQCRB;NDUFS4;NDUFS5;DNAL4;PSMD3;KIF5B;NDUFB6;PSMA1;AP2S1;HDAC2;NDUFS7;PSMA3;TUBA1C;PSMD11;PSMD6;PSMC2;BECN1;PSMD14;NDUFA2;IFT57;PSMC4;WIPI2;HIP1;NDUFS1;DCTN1;NRBF2;AP2B1
prerank,Proteasome,0.7197300792640636,2.677177659226842,0.0,0.0,0.0,32/42,19.48%,PSMB1;PSMA5;PSMA4;POMP;PSMA7;PSMB2;PSMB3;PSMD7;PSMB5;PSMB4;PSMB6;PSMD4;PSMD13;ADRM1;PSMC1;PSME2;PSMF1;PSMD8;PSMB7;PSME1;PSMD1;PSMD2;PSMC5;PSMB8;PSMD3;PSMA1;PSMA3;PSMD11;PSMD6;PSMC2;PSMD14;PSMC4
prerank,Pathways of neurodegeneration,0.5191062884017829,2.660289668835441,0.0,0.0,0.0,134/271,19.48%,VDAC1;CAPN1;NDUFAB1;NDUFA12;PSMB1;COX5A;PSMA5;TNFRSF1A;TUBB6;PSMA4;PSMA7;SDHC;BAX;COX8A;PSMB2;PSMB3;COX7A2;PSMD7;PSMB5;VDAC3;NDUFA8;SLC25A6;COX6C;COX5B;NDUFS3;RAC1;PSMB4;CSNK2A1;SLC25A5;DCTN3;KRAS;PSMB6;NDUFV2;SDHD;NDUFS8;UBE2L3;PPID;NDUFA4;EIF2S1;COX6A1;PSMD4;COX7B;PSMD13;COX6B1;PARK7;NDUFB3;ADRM1;SDHB;NDUFC2;UQCR10;WDR41;MAPK1;NDUFB9;ACTR10;DAXX;UBA52;NDUFB5;CALM2;PSMC1;NDUFB7;UQCRFS1;NDUFB11;NDUFB4;NDUFA9;NDUFB2;VDAC2;NDUFC1;MAPK9;UQCRC2;DCTN2;FADD;NDUFS6;ACTR1B;UBE2L6;GPX7;BID;COX7A2L;MAP2K2;NDUFA11;PSMD8;NDUFB10;UQCRH;HSD17B10;PSMB7;NDUFB1;RAB8A;COX7C;UQCRC1;CYC1;CALM1;PSMD1;NRAS;PSMD2;CAT;UBE2J1;CCS;PSMC5;PINK1;CAPN2;NDUFA3;NDUFS2;NDUFA6;BAK1;UQCRQ;CALM3;NDUFA1;COX4I1;CSNK2B;VAPB;MFN1;UQCRB;NDUFS4;NDUFS5;FIG4;DNAL4;PSMD3;KIF5B;NDUFB6;PSMA1;UBE2J2;CSNK2A2;NDUFS7;PSMA3;TUBA1C;PSMD11;PSMD6;PSMC2;BECN1;PSMD14;NDUFA2;HRAS;IFT57;GABARAPL2;PSMC4
prerank,Alzheimer disease,0.5318933170120889,2.647304668107206,0.0,0.0,0.0,112/215,19.48%,VDAC1;CAPN1;NDUFAB1;NDUFA12;PSMB1;COX5A;PSMA5;TNFRSF1A;TUBB6;PSMA4;PSMA7;SDHC;COX8A;PSMB2;PSMB3;COX7A2;PSMD7;PSMB5;VDAC3;NDUFA8;SLC25A6;COX6C;COX5B;NDUFS3;PSMB4;CSNK2A1;SLC25A5;KRAS;PSMB6;NDUFV2;SDHD;NDUFS8;PPID;NDUFA4;EIF2S1;PSENEN;COX6A1;PSMD4;COX7B;PSMD13;COX6B1;NDUFB3;ADRM1;SDHB;NDUFC2;UQCR10;MAPK1;NDUFB9;RTN4;NDUFB5;CALM2;PSMC1;NDUFB7;UQCRFS1;NDUFB11;NDUFB4;NDUFA9;NDUFB2;VDAC2;NDUFC1;MAPK9;UQCRC2;FADD;NDUFS6;BID;COX7A2L;MAP2K2;NDUFA11;PSMD8;NDUFB10;UQCRH;HSD17B10;PSMB7;NDUFB1;COX7C;UQCRC1;CYC1;CALM1;PSMD1;NRAS;PSMD2;PSMC5;APH1A;CAPN2;NDUFA3;NDUFS2;NDUFA6;AKT1;UQCRQ;CALM3;NDUFA1;COX4I1;CSNK2B;UQCRB;NDUFS4;NDUFS5;PSMD3;KIF5B;NDUFB6;PSMA1;CSNK2A2;NDUFS7;PSMA3;TUBA1C;PSMD11;PSMD6;PSMC2;BECN1;PSMD14;NDUFA2;HRAS;PSMC4
prerank,Thermogenesis,0.5540565140877525,2.6182373621467074,0.0,0.0,0.0,74/145,20.99%,NDUFAB1;NDUFA12;COX5A;ACTG1;SDHC;COX8A;COX7A2;CPT2;NDUFA8;COX6C;COX5B;NDUFS3;KRAS;NDUFV2;SDHD;NDUFS8;NDUFA4;COX6A1;ACSL4;COA6;COX17;COX7B;COX6B1;NDUFB3;SDHB;NDUFC2;UQCR10;NDUFB9;NDUFB5;NDUFB7;UQCRFS1;NDUFB11;COA3;NDUFB4;NDUFA9;NDUFB2;NDUFC1;UQCRC2;NDUFS6;COX7A2L;NDUFA11;NDUFB10;UQCRH;NDUFB1;COX7C;UQCRC1;COA5;CYC1;COA4;NRAS;GNAS;SMARCB1;NDUFA3;SMARCE1;NDUFS2;NDUFA6;UQCRQ;NDUFA1;COX4I1;COX14;UQCRB;NDUFS4;NDUFS5;COX11;NDUFB6;NDUFS7;NDUFA2;SLC25A20;HRAS;ACTL6A;SMARCD2;NDUFS1;COX15;NDUFAF1
prerank,Bacterial invasion of epithelial cells,0.6683021801636003,2.545060772940965,0.0,0.0,0.0,18/44,8.63%,ARPC3;RHOA;ACTR2;ARPC2;ARPC1B;RHOG;CDC42;ACTG1;ARPC5;CLTA;ILK;ACTR3;RAC1;ARPC1A;ARPC4;VCL;CLTC;WASF2
prerank,Cardiac muscle contraction,0.6835933500948861,2.524581227794608,0.0,0.0,0.0,21/34,15.09%,TPM3;COX5A;COX8A;COX7A2;COX6C;COX5B;COX6A1;COX7B;COX6B1;UQCR10;UQCRFS1;UQCRC2;CACNA2D4;COX7A2L;UQCRH;COX7C;UQCRC1;CYC1;UQCRQ;COX4I1;UQCRB
prerank,Retrograde endocannabinoid signaling,0.5906520443059113,2.4474042290140994,0.0,0.0,0.0,36/69,16.25%,GNG5;NDUFAB1;NDUFA12;GNAI2;GNB1;NDUFA8;NDUFS3;NDUFV2;NDUFS8;NDUFA4;GNB2;NDUFB3;NDUFC2;MAPK1;NDUFB9;NDUFB5;NDUFB7;NDUFB11;NDUFB4;NDUFA9;NDUFB2;NDUFC1;MAPK9;NDUFS6;NDUFA11;GNB4;NDUFB10;NDUFB1;NDUFA3;NDUFS2;NDUFA6;NDUFA1;NDUFS4;NDUFS5;GNAI3;NDUFB6
prerank,Amyotrophic lateral sclerosis,0.47435911458223057,2.3858696077306387,0.0,0.0,0.0,114/238,19.81%,VDAC1;NDUFAB1;NDUFA12;PSMB1;COX5A;PSMA5;TNFRSF1A;PFN1;TUBB6;PSMA4;ACTG1;ANXA11;PSMA7;SDHC;BAX;COX8A;PSMB2;PSMB3;COX7A2;PSMD7;PSMB5;NDUFA8;COX6C;COX5B;NDUFS3;RAC1;PSMB4;DCTN3;PSMB6;NDUFV2;SDHD;NDUFS8;NDUFA4;EIF2S1;COX6A1;PSMD4;COX7B;PSMD13;COX6B1;NDUFB3;ADRM1;SDHB;NDUFC2;UQCR10;WDR41;NDUFB9;ACTR10;DAXX;NDUFB5;PSMC1;NDUFB7;UQCRFS1;NDUFB11;NDUFB4;NDUFA9;NDUFB2;NDUFC1;UQCRC2;DCTN2;NDUFS6;ACTR1B;GPX7;BID;ANXA7;COX7A2L;NDUFA11;PSMD8;NDUFB10;UQCRH;PSMB7;NDUFB1;RAB8A;COX7C;UQCRC1;CYC1;PSMD1;PSMD2;CAT;NUP37;CCS;PSMC5;PINK1;NUP93;NDUFA3;NDUFS2;NDUFA6;UQCRQ;NDUFA1;COX4I1;VAPB;UQCRB;NDUFS4;NDUFS5;FIG4;DNAL4;PSMD3;GLE1;KIF5B;NDUFB6;PSMA1;HNRNPA1;NDUFS7;PSMA3;TUBA1C;PSMD11;SEC13;PSMD6;PSMC2;BECN1;PSMD14;NDUFA2;GABARAPL2;PSMC4;NXT2
prerank,Citrate cycle (TCA cycle),0.6852422270367003,2.3166739789646336,0.0,0.0,0.0,16/25,17.00%,MDH1;SDHC;PDHA1;PDHB;SDHD;SUCLG1;SDHB;DLD;ACLY;DLAT;MDH2;CS;IDH1;IDH2;FH;IDH3G
prerank,Non-alcoholic fatty liver disease,0.4875103602830088,2.2450994809930407,0.0,0.0,0.0,61/121,16.25%,NDUFAB1;NDUFA12;CDC42;COX5A;TNFRSF1A;SDHC;BAX;COX8A;COX7A2;NDUFA8;COX6C;COX5B;NDUFS3;RAC1;NDUFV2;SDHD;NDUFS8;NDUFA4;EIF2S1;COX6A1;COX7B;COX6B1;NDUFB3;SDHB;NDUFC2;UQCR10;NDUFB9;NDUFB5;NDUFB7;UQCRFS1;NDUFB11;NDUFB4;NDUFA9;NDUFB2;NDUFC1;MAPK9;UQCRC2;NDUFS6;BID;TGFB1;COX7A2L;NDUFA11;NDUFB10;UQCRH;NDUFB1;COX7C;UQCRC1;NR1H3;CYC1;NDUFA3;NDUFS2;NDUFA6;AKT1;UQCRQ;NDUFA1;COX4I1;CEBPA;UQCRB;NDUFS4;NDUFS5;NDUFB6
prerank,Endocytosis,0.46310623130035,2.2366553414174395,0.0,0.0,0.0,60/158,16.89%,ARPC3;RHOA;ACTR2;ARPC2;ARPC1B;RAB10;VTA1;CAPZA1;CDC42;CAPZB;SNX2;SNX6;ARPC5;VPS4B;AP2M1;CLTA;ACTR3;SH3GLB1;VPS35;SNX3;IL2RA;SNX4;CHMP2A;TSG101;ARPC1A;RAB5C;ARPC4;ARFGAP3;CHMP5;PDCD6IP;IL2RG;VPS25;VPS29;CLTC;ASAP2;RAB4A;VPS28;RAB8A;RAB31;RAB11A;EPN1;ARF1;CHMP4B;ARF6;ARF5;CHMP6;VPS26A;SMAP1;EHD2;EPS15;PIP5K1C;STAMBP;SMAD2;RUFY1;KIF5B;RAB35;EHD1;ARF3;ARRB2;AP2S1
prerank,IL-17 signaling pathway,-0.5662517481537196,-2.2328097697066,0.0,0.0006937819790130952,0.001,14/49,10.25%,JUN;FOSB;FOS;TNFAIP3;JUND;PTGS2;NFKBIA;CXCL3;CEBPB;S100A9;S100A8;CXCL2;FOSL1;SRSF1
prerank,Pyruvate metabolism,0.6548666252092189,2.1585002233275294,0.0,0.00015248667647664284,0.002,20/26,25.83%,MDH1;ADH5;GRHPR;PDHA1;PDHB;ME2;ACAT2;DLD;DLAT;MDH2;PKM;LDHB;GLO1;FH;LDHA;ACAT1;ACYP2;ACSS1;AKR1A1;ALDH2
prerank,Glycolysis / Gluconeogenesis,0.6205846994008517,2.1505288294989056,0.0,0.00021602279167524404,0.003,13/29,12.19%,PGAM1;ADH5;PFKP;PDHA1;PDHB;ENO1;DLD;DLAT;PGM2;PKM;HK1;LDHB;PGM1
prerank,Platelet activation,0.5047720551808934,2.1274367412092428,0.0,0.00027287089474767665,0.004,27/67,19.63%,MYL12A;RHOA;GNAI2;PPP1CA;VAMP8;ACTG1;ORAI1;BTK;FERMT3;FCER1G;TLN1;TBXA2R;RAP1B;RAP1A;MAPK1;MYL12B;ROCK2;VASP;GNAS;LYN;AKT1;PPP1CC;APBB1IP;GNAI3;SNAP23;PRKCI;ITGB1
prerank,Regulation of actin cytoskeleton,0.4656393736452128,2.118759435046676,0.0,0.00025922735001029283,0.004,48/116,22.17%,MYL12A;ARPC3;RHOA;ACTR2;ARPC2;CFL1;ARPC1B;PAK2;PPP1CA;RAC2;CDC42;PFN1;ACTG1;ARPC5;ACTR3;MSN;BRK1;RAC1;KRAS;ARPC1A;ARPC4;EZR;MAPK1;MYL12B;VCL;ROCK2;TMSB4X;ITGAE;WASF2;ITGAX;MAP2K2;NRAS;PXN;ACTN4;ITGB2;PIP5K1C;PPP1CC;SSH1;DIAPH1;PIP4K2A;LIMK1;HRAS;ITGB7;ITGB1;ARHGEF6;GSN;PIK3CA;IQGAP1
prerank,Protein export,0.6646726113087675,2.1075717472939433,0.0,0.0002468831904859932,0.004,9/21,6.89%,SEC61B;SEC11A;SRP19;SRP14;SRP72;SPCS1;SEC61G;OXA1L;SRP9
prerank,Fatty acid degradation,0.6416370242417885,2.1001443784985265,0.0,0.0002356612272820844,0.004,11/25,9.61%,ADH5;ACADM;CPT2;ECHS1;ACAA2;ACSL4;HADHB;ACAT2;ECI2;ECI1;HADHA
prerank,Leukocyte transendothelial migration,0.4951938087488715,2.037171082000198,0.0,0.0006762452608964161,0.012,24/62,15.70%,MYL12A;RHOA;GNAI2;RAC2;CDC42;CD99;ACTG1;MSN;RAC1;NCF4;CYBA;EZR;RAP1B;RAP1A;MYL12B;VCL;ROCK2;VASP;NCF2;PXN;ACTN4;ITGB2;F11R;GNAI3
prerank,Fc gamma R-mediated phagocytosis,0.4869726619422221,1.9893010766183903,0.0,0.0011881253542138422,0.022,22/63,14.55%,ARPC3;ACTR2;ARPC2;CFL1;ARPC1B;RAC2;CDC42;ARPC5;ACTR3;RAC1;ARPC1A;ARPC4;MAPK1;WASF2;VASP;ASAP2;WAS;LYN;ARF6;AKT1;PRKCD;PIP5K1C
prerank,Pentose phosphate pathway,0.6523282392045565,1.978973621707419,0.0,0.0012961367500514641,0.025,10/18,18.38%,TALDO1;PFKP;PGLS;PGD;PGM2;TKT;PGM1;DERA;G6PD;RPIA
prerank,Glutathione metabolism,0.5607056583675927,1.9758354057198093,0.0,0.0012462853365879463,0.025,17/31,18.89%,MGST3;GSTO1;PRDX6;PGD;SMS;GPX4;GSTP1;GGCT;GPX7;IDH1;IDH2;GGT5;HPGDS;G6PD;MGST2;ANPEP;SRM
prerank,Tight junction,0.4503921185056427,1.952138781728492,0.0,0.00211222285193572,0.042,26/78,12.03%,MYL12A;ARPC3;RHOA;ACTR2;ARPC2;ARPC1B;MYL6;CDC42;ACTG1;ARPC5;SLC9A3R1;ACTR3;MSN;RAC1;ARPC1A;ARPC4;EZR;RAP1A;MYL12B;ROCK2;RAB13;PPP2CB;MAPK9;VASP;RAB8A;WAS
prerank,Salmonella infection,0.3930391824888441,1.9273696414549444,0.0,0.003332923071560908,0.069,47/179,10.47%,PYCARD;MYL12A;S100A10;ARPC3;RHOA;ACTR2;ARPC2;ARPC1B;ANXA2;RHOG;CDC42;TNFRSF1A;RALA;DYNLRB1;PFN1;TUBB6;TXN;ACTG1;BAX;ARPC5;DYNLT1;ACTR3;BRK1;RAC1;DCTN3;ARPC1A;RAB5C;ARPC4;EXOC5;ARL8A;MAPK1;MYL12B;ACTR10;ARL8B;MYC;ROCK2;DYNLL1;RILP;TXN2;MYD88;MAPK9;RAB9A;DCTN2;FADD;ACTR1B;MAP2K2;DYNC1LI1
prerank,Shigellosis,0.39343411245199,1.9145283123446832,0.0,0.003575549655314384,0.075,49/163,14.94%,PYCARD;MYL12A;ARPC3;RHOA;ACTR2;ARPC2;VDAC1;ARPC1B;RBX1;CAPN1;CAPNS1;CDC42;TNFRSF1A;PFN1;ACTG1;RRAGC;BAX;ARPC5;ILK;ACTR3;RAC1;CCL5;CALCOCO2;ARPC1A;PPID;TLN1;ARPC4;MAPK1;MYL12B;UBA52;VCL;ROCK2;UBE2V2;WASF2;RRAGA;MYD88;MAPK9;TNIP1;HK1;UBE2N;UBE2D2;PXN;CAPN2;ARF1;ARF6;ACTN4;AKT1;PRKCD;IL18
prerank,"Valine, leucine and isoleucine degradation",0.5052627858297023,1.8434188422107993,0.0,0.007344774916958298,0.152,25/36,35.39%,ACADM;ECHS1;ACAA2;HADHB;ACAT2;DLD;HADHA;HSD17B10;ALDH6A1;ACAT1;BCAT2;PCCB;HMGCL;HIBADH;ACADS;AUH;ALDH2;IVD;ACAA1;HADH;PCCA;ALDH9A1;BCAT1;MCEE;BCKDHB
prerank,Primary immunodeficiency,0.6012859705626319,1.8202893057610416,0.0019047619047619048,0.00886390293583582,0.178,10/18,24.61%,ORAI1;BTK;RFXANK;IL2RG;RFXAP;CD79A;CD3D;IKBKG;UNG;TAP1
prerank,Propanoate metabolism,0.5499263051820331,1.8008050324619445,0.006097560975609756,0.010409598273850821,0.208,18/25,35.39%,ECHS1;SUCLG1;ACAT2;DLD;HADHA;LDHB;ALDH6A1;LDHA;ACAT1;PCCB;ACSS1;ACADS;SUCLA2;PCCA;SUCLG2;ECHDC1;MCEE;BCKDHB
prerank,Phagosome,0.42821264969562967,1.7835045852897269,0.0,0.012057999462599984,0.239,29/70,20.58%,CORO1A;TUBB6;ACTG1;SEC61B;RAC1;RAB5C;NCF4;CYBA;ATP6V1F;CD36;ATP6V1G1;SEC61G;ATP6V0E1;RILP;STX7;VAMP3;DYNC1LI1;NCF2;ATP6V1E1;ITGB2;ATP6V0B;M6PR;TUBA1C;LAMP2;ATP6V1B2;ITGB1;DYNC1I2;RAB7A;ATP6V1A
prerank,Pathogenic Escherichia coli infection,0.38287215579139167,1.7805228919429494,0.00196078431372549,0.012160812449012268,0.248,28/117,9.74%,PYCARD;ARPC3;RHOA;ACTR2;ARPC2;ARPC1B;PAK2;CDC42;TNFRSF1A;TUBB6;ACTG1;PTPN6;BAX;ARPC5;SLC9A3R1;ACTR3;BRK1;RAC1;ARPC1A;ARPC4;TMED10;EZR;MAPK1;ROCK2;WASF2;MYD88;MAPK9;FADD
prerank,Oocyte meiosis,0.4312169294946022,1.768995360992592,0.0019230769230769232,0.013035432457660442,0.269,21/61,19.73%,YWHAB;RBX1;PPP1CA;SMC3;YWHAH;ANAPC11;YWHAE;MAPK1;CALM2;SLK;PPP2CB;CALM1;CALM3;CDC23;CDC26;PPP1CC;PPP2R5A;YWHAQ;YWHAG;CDC16;PPP2R1A
prerank,Central carbon metabolism in cancer,0.45935975363695564,1.7449182698878591,0.0,0.015733659993680274,0.316,18/43,19.27%,PGAM1;PFKP;KRAS;PDHA1;PDHB;MAPK1;MYC;IDH1;MAP2K2;PKM;HK1;LDHB;NRAS;IDH2;AKT1;G6PD;LDHA;HRAS
prerank,Spinocerebellar ataxia,0.38935690640257226,1.7347656232163062,0.0018867924528301887,0.016849777750669037,0.339,39/92,21.70%,VDAC1;PSMB1;PSMA5;PSMA4;PSMA7;PSMB2;PSMB3;PSMD7;PSMB5;VDAC3;SLC25A6;PSMB4;SLC25A5;PSMB6;PSMD4;PSMD13;ADRM1;PSMC1;VDAC2;MAPK9;PSMD8;PSMB7;PSMD1;PSMD2;PSMC5;ATXN10;AKT1;PSMD3;PSMA1;PSMA3;PSMD11;PSMD6;PSMC2;BECN1;PSMD14;PSMC4;WIPI2;NRBF2;PIK3CA
prerank,Rap1 signaling pathway,0.39160952046565534,1.7269759345870983,0.0,0.017668390434912064,0.359,26/87,15.70%,RHOA;GNAI2;RAC2;CDC42;RALB;RALA;PFN1;ACTG1;RAC1;KRAS;TLN1;RAP1B;RAP1A;MAPK1;CALM2;VASP;MAP2K2;CALM1;NRAS;GNAS;AKT1;CALM3;ITGB2;CSF1R;APBB1IP;GNAI3
prerank,Glyoxylate and dicarboxylate metabolism,0.5255015700470842,1.715708721086894,0.009560229445506692,0.019076474218706167,0.383,12/22,21.41%,MDH1;GRHPR;ACAT2;DLD;MDH2;CS;CAT;SHMT2;GCSH;ACAT1;PCCB;ACSS1
prerank,Drug metabolism,0.45544354545899324,1.7114139538019177,0.0099601593625498,0.019182823900761672,0.392,16/38,22.42%,MGST3;ADH5;ITPA;GSTO1;GSTP1;NME1;IMPDH2;GMPS;TPMT;HPGDS;NME4;MGST2;NME2;NME6;MGST1;IMPDH1
prerank,TNF signaling pathway,-0.39677681788673264,-1.6922774090311778,0.006198347107438017,0.23588587286445234,0.41,27/73,22.91%,JUN;FOS;TNFAIP3;PTGS2;NFKBIA;CXCL3;JUNB;ATF6B;SOCS3;CEBPB;CXCL2;MAP3K5;PIK3R1;DNM1L;MAP3K8;MAP2K7;AKT2;IRF1;ATF2;TAB2;AKT3;ATF4;CREB5;PIK3CB;BIRC3;TNF;CREB3L2
prerank,Ras signaling pathway,0.3707799765850366,1.6726548796088354,0.0,0.02639693137299933,0.486,27/104,15.42%,RHOA;GNG5;PAK2;RAC2;CDC42;RALB;RALA;GNB1;RAC1;KRAS;RAB5C;RALBP1;GNB2;RAP1B;RAP1A;MAPK1;CALM2;MAPK9;MAP2K2;GNB4;CALM1;NRAS;ARF6;AKT1;CALM3;CSF1R;RASGRP4
prerank,Vibrio cholerae infection,0.4750914308711239,1.6709773453636187,0.013806706114398421,0.026200478590326027,0.491,14/31,20.58%,ACTG1;SEC61B;ATP6V1F;ATP6V1G1;SEC61G;ATP6V0E1;GNAS;ARF1;KDELR2;ATP6V1E1;KDELR1;ATP6V0B;ATP6V1B2;ATP6V1A
prerank,Axon guidance,0.395919585909209,1.666902062508353,0.004016064257028112,0.026525589303378803,0.5,13/68,7.54%,MYL12A;RHOA;CFL1;PAK2;GNAI2;RAC2;CDC42;ILK;RAC1;KRAS;MAPK1;MYL12B;ROCK2
prerank,Synaptic vesicle cycle,0.4773751591656217,1.6528730614218146,0.016822429906542057,0.029487111063670808,0.549,13/29,21.45%,AP2M1;CLTA;ATP6V1F;ATP6V1G1;ATP6V0E1;CLTC;ATP6V1E1;ATP6V0B;AP2S1;STX2;ATP6V1B2;ATP6V1A;AP2B1
prerank,Cysteine and methionine metabolism,0.46065198074098196,1.64124891926138,0.015748031496062992,0.03162573670125572,0.577,13/32,19.19%,TST;MDH1;MPST;MAT2B;SMS;ADI1;MDH2;APIP;LDHB;GOT2;LDHA;SRM;BCAT2
prerank,Adherens junction,0.4285704235321868,1.6325822321729822,0.01417004048582996,0.03322054844153644,0.598,19/40,23.31%,RHOA;RAC2;CDC42;ACTG1;PTPN6;RAC1;CSNK2A1;MAPK1;VCL;WASF2;WAS;ACTN4;CSNK2B;ACP1;CSNK2A2;SMAD3;IQGAP1;TGFBR1;MAP3K7
prerank,PPAR signaling pathway,0.4799434670608091,1.6217728311652697,0.013725490196078431,0.03554723980460292,0.624,9/28,11.48%,DBI;ACADM;ILK;CPT2;SCP2;ACSL4;CD36;FADS2;NR1H3
prerank,Yersinia infection,0.3638508054163969,1.6190322265535297,0.0,0.035562752079537054,0.632,27/96,14.94%,PYCARD;ARPC3;RHOA;ACTR2;ARPC2;ARPC1B;RHOG;RAC2;CDC42;ACTG1;ARPC5;ACTR3;RAC1;ARPC1A;ARPC4;MAPK1;ROCK2;WASF2;MYD88;MAPK9;MAP2K2;WAS;PXN;ARF6;AKT1;PIP5K1C;IL18
prerank,Breast cancer,-0.3985527908846144,-1.6099352847231636,0.00823045267489712,0.3237649235394444,0.64,24/59,26.52%,JUN;FOS;BRCA2;GADD45B;TCF7;BRAF;RAF1;TCF7L2;BRCA1;PIK3R1;NOTCH1;AKT2;FRAT1;AKT3;GADD45A;HES1;CTNNB1;PIK3CB;DVL2;NFKB2;E2F3;FGF18;NCOA1;SOS2
prerank,Herpes simplex virus 1 infection,-0.3088686999135379,-1.5992194788650222,0.0,0.2672795074147949,0.676,109/263,30.82%,SRSF7;ZNF331;NXF1;ZNF3;ZNF324;ZNF10;ZNF432;ZNF548;NFKBIA;CYCS;PILRB;ZNF669;ZNF83;IL12A;ZNF519;SOCS3;ZNF460;ZNF302;ZNF721;ZNF667;ZNF689;ZNF333;ZNF439;ZNF350;ZNF154;IRF3;SRSF1;ZNF124;ZNF136;PIK3R1;JAK2;IRF9;ZNF814;SRSF6;ZNF614;ZNF383;AKT2;ZNF544;ZNF557;ZNF490;EIF2B4;POU2F1;ZNF561;ZNF841;ZNF181;SRSF2;ZNF749;ZNF791;ZNF891;TAB2;ZNF577;HCFC1;ZNF254;ZNF317;ZNF783;AKT3;ZNF700;TAP2;ZNF195;TYK2;ZNF140;ZNF808;ZNF688;ZNF529;ZNF718;ZNF569;PIK3CB;BIRC3;TNF;ZNF320;ZNF74;ZNF426;EIF2AK2;ZNF91;ZNF764;ZNF621;ZNF37A;BCL2;ZNF606;ZNF248;ZNF726;ZNF506;SRSF3;ZNF587;ZNF701;ZNF43;SYK;EIF2B5;ZNF551;ZNF429;TSC1;CHUK;ZNF583;ZFP30;ZNF354B;PPP1CB;EIF2B3;ZNF620;ZNF211;ZNF680;ZNF44;ZNF708;TSC2;TNFSF14;ZNF141;ZNF224;ZNF267;SRSF5;ZNF26
prerank,Neutrophil extracellular trap formation,0.3892901952711282,1.5814234525875337,0.010351966873706004,0.04777189735903969,0.743,17/64,14.13%,VDAC1;RAC2;ACTG1;VDAC3;HDAC1;SLC25A6;RAC1;SLC25A5;NCF4;CYBA;MAPK1;SELPLG;VDAC2;MAP2K2;NCF2;AKT1;ITGB2
prerank,Terpenoid backbone biosynthesis,0.5291379577443391,1.580673047755181,0.02620967741935484,0.04707568676186918,0.744,8/17,22.98%,FNTA;ICMT;ACAT2;FDPS;ZMPSTE24;ACAT1;MVD;PMVK
prerank,Natural killer cell mediated cytotoxicity,0.39074309841531446,1.571826292325979,0.012072434607645875,0.049786899869623896,0.763,21/59,22.60%,TYROBP;RAC2;PTPN6;HCST;RAC1;KRAS;FCER1G;MAPK1;BID;MAP2K2;IFNGR2;NRAS;CD244;ITGB2;IFNAR1;HRAS;PTPN11;FAS;IFNGR1;PIK3CA;PPP3CB
prerank,Galactose metabolism,0.5344907904525928,1.5551427815759624,0.034274193548387094,0.05570895454548119,0.802,6/16,17.66%,PFKP;GLB1;PGM2;HK1;PGM1;GALK1
prerank,Necroptosis,0.3500476308879024,1.5414518139934417,0.007707129094412331,0.06143199087036374,0.836,22/86,13.88%,PYCARD;VDAC1;CAPN1;TNFRSF1A;BAX;VPS4B;VDAC3;SLC25A6;SLC25A5;CHMP2A;PPID;CHMP5;PARP1;AIFM1;VDAC2;MAPK9;FADD;BID;IFNGR2;CAPN2;CHMP4B;CHMP6
prerank,Focal adhesion,0.34970006080185595,1.538296324871732,0.005917159763313609,0.06183052348393652,0.841,26/96,15.37%,MYL12A;RHOA;PAK2;PPP1CA;RAC2;CDC42;ACTG1;ILK;RAC1;PARVB;TLN1;ZYX;RAP1B;RAP1A;MAPK1;MYL12B;VCL;ROCK2;MAPK9;VASP;PXN;CAPN2;ACTN4;AKT1;PIP5K1C;PPP1CC
prerank,Sphingolipid signaling pathway,0.35193868148573254,1.5345462275541557,0.013671875,0.06273301870249087,0.851,24/78,19.73%,RHOA;GNAI2;RAC2;TNFRSF1A;BAX;RAC1;KRAS;FCER1G;MAPK1;S1PR4;ROCK2;PPP2CB;MAPK9;SGPL1;BID;MAP2K2;NRAS;CERS2;AKT1;GNAI3;TRADD;PPP2R5A;HRAS;PPP2R1A
prerank,Amphetamine addiction,-0.4413065140276092,-1.5199124567044981,0.033126293995859216,0.40350359899401617,0.858,5/29,4.69%,JUN;FOSB;FOS;SIRT1;ATF6B
prerank,SNARE interactions in vesicular transport,0.44692732673707974,1.5178265522806855,0.03389830508474576,0.06987565800723876,0.878,10/28,18.45%,VAMP8;SNAP29;STX7;VAMP3;STX8;BET1;STX6;VAMP7;SNAP23;STX2
prerank,Cocaine addiction,-0.47832554371423347,-1.5068848401782462,0.03937007874015748,0.3672419275575984,0.877,3/21,4.69%,JUN;FOSB;ATF6B
prerank,Morphine addiction,0.44115388587252014,1.4987621324024554,0.04081632653061224,0.07851859996364396,0.901,8/26,16.51%,GNG5;GNAI2;GNB1;GNB2;GNB4;GNAS;GNAI3;ARRB2
prerank,Basal cell carcinoma,-0.48616115619078004,-1.4830693956162482,0.06041666666666667,0.3788049605411499,0.919,4/17,6.52%,PTCH2;GADD45B;TCF7;TCF7L2
prerank,Dilated cardiomyopathy,0.4357293494742309,1.4520548234025967,0.047337278106508875,0.10880844544828584,0.953,9/26,19.63%,TPM3;ACTG1;CACNA2D4;TGFB1;GNAS;TPM4;LMNA;ITGB7;ITGB1
prerank,Calcium signaling pathway,0.3545515734407214,1.451180171545679,0.04158790170132325,0.10768919235173353,0.955,14/61,14.11%,VDAC1;ORAI1;CAMK1D;VDAC3;SLC25A6;ORAI3;SLC25A5;TBXA2R;CYSLTR1;CALM2;VDAC2;CALM1;GNAS;CALM3
prerank,Human immunodeficiency virus 1 infection,0.30994411373250286,1.4463775392496827,0.013133208255159476,0.10922112347100338,0.958,51/132,24.77%,CFL1;RBX1;GNG5;PAK2;GNAI2;RAC2;TNFRSF1A;BAX;GNB1;APOBEC3C;RAC1;KRAS;GNB2;RNF7;AP1M1;MAPK1;APOBEC3G;CALM2;MYD88;MAPK9;FADD;BID;MAP2K2;GNB4;CALM1;NRAS;PXN;CUL4A;AKT1;BAK1;CALM3;GNAI3;TRADD;LIMK1;HRAS;SAMHD1;APOBEC3F;AP1S2;IRAK1;FAS;AP1S1;PIK3CA;CD3D;IKBKG;APOBEC3D;PPP3CB;MAP3K7;PPP3R1;RIPK1;TAP1;CUL4B
prerank,"Parathyroid hormone synthesis, secretion and action",-0.3613559964950378,-1.441648193363222,0.036511156186612576,0.4454080305264071,0.96,20/53,22.91%,FOS;NR4A2;JUND;EGR1;PDE4B;BRAF;AKAP13;ATF6B;RAF1;ITPR1;PLCB1;ATF2;RXRB;PDE4D;ATF4;PLCB2;MEF2D;GNA12;CREB5;CREB3L2
prerank,Signaling pathways regulating pluripotency of stem cells,-0.3553416964552298,-1.4309647693517809,0.03898635477582846,0.4243633104963431,0.965,16/60,14.64%,KLF4;STAT3;TCF7;JARID2;IL6ST;MEIS1;SKIL;RAF1;ID1;RIF1;ZFHX3;PIK3R1;JAK2;PCGF3;KAT6A;AKT2
prerank,Starch and sucrose metabolism,0.4846961993969125,1.4223320633489578,0.0703125,0.1267026793533915,0.978,11/16,38.25%,PGM2;HK1;PGM1;GYG1;G6PC3;PYGB;PGM2L1;GYS1;HK2;GBE1;GAA
prerank,FoxO signaling pathway,-0.33101435893138237,-1.4118104458975982,0.031446540880503145,0.4366663775908421,0.976,38/80,29.70%,GADD45B;STAT3;FOXO3;IRS2;SOD2;BRAF;PLK3;SIRT1;RAF1;SGK1;GABARAPL1;HOMER1;CCNG2;PLK2;EP300;PIK3R1;INSR;ATG12;FOXO1;PRKAG2;AKT2;KLF2;STK4;AKT3;GADD45A;CREBBP;PRKAG1;PIK3CB;MDM2;MAPK14;ATM;PDPK1;SOS2;CHUK;TGFBR2;CSNK1E;TNFSF10;MAPK8
prerank,"Growth hormone synthesis, secretion and action",-0.3356571787194069,-1.3867496154746832,0.04684317718940937,0.4677982671218297,0.986,25/66,24.01%,FOS;STAT3;IRS2;JUNB;ATF6B;RAF1;SOCS3;EP300;PIK3R1;PLCG2;JAK2;ITPR1;PLCB1;AKT2;STAT5B;ATF2;AKT3;ATF4;PLCB2;CREBBP;CREB5;PIK3CB;SOCS1;CREB3L2;MAPK14
prerank,mRNA surveillance pathway,-0.32897672333213085,-1.384309241347807,0.0499001996007984,0.4358685283149771,0.986,36/74,29.81%,RNMT;FUS;NXF1;PCF11;UPF2;SRRM1;PNN;PABPC4;MSI2;SMG6;RNPS1;EIF4A3;DDX19B;SYMPK;UPF3B;ETF1;PPP2R2A;DDX39B;CASC3;SMG5;SMG1;SMG7;PPP2R1B;PPP2R2D;ACIN1;NCBP1;DDX19A;TARDBP;RBM8A;PPP1CB;UPF1;CSTF2T;PPP2R5C;WDR33;CPSF6;MAGOHB
prerank,Hedgehog signaling pathway,-0.40893795316454506,-1.3698461416990566,0.07858546168958742,0.44140544218594696,0.994,15/25,36.32%,PTCH2;SPOPL;SMURF1;SMURF2;CUL3;CSNK1D;BCL2;FBXW11;CSNK1E;CSNK1G2;GSK3B;MGRN1;CSNK1G3;BTRC;EFCAB7
prerank,Cortisol synthesis and secretion,-0.4113690502305146,-1.366797071636344,0.09054325955734406,0.41755763965459564,0.995,11/24,23.25%,NR4A1;ATF6B;ITPR1;PLCB1;ATF2;ATF4;PLCB2;CREB5;SCARB1;CREB3L2;LDLR
prerank,Gastric acid secretion,0.40887735777667295,1.3605714993939044,0.091796875,0.18735447667679392,0.993,8/26,15.70%,GNAI2;ACTG1;EZR;CALM2;CALM1;GNAS;CALM3;GNAI3
prerank,Purine metabolism,0.334393876492469,1.3569172207182336,0.046065259117082535,0.18909195031306364,0.994,24/64,25.13%,NUDT5;ITPA;APRT;DGUOK;PGM2;PDE6G;PKM;PGM1;NME1;AK3;IMPDH2;GMPS;GUK1;GMPR2;NME4;DCK;PAICS;NT5C;NME2;HDDC3;NME6;IMPDH1;PAPSS1;NUDT2
prerank,Fluid shear stress and atherosclerosis,0.32198148182577446,1.3537267232496846,0.05432595573440644,0.1897017646520635,0.995,19/69,14.11%,RHOA;RAC2;MGST3;TNFRSF1A;TXN;ACTG1;SUMO2;RAC1;GSTO1;CYBA;CALM2;TXN2;GSTP1;MAPK9;SUMO1;CALM1;NCF2;AKT1;CALM3
prerank,Leishmaniasis,-0.35522074956281285,-1.3453417724821746,0.06300813008130081,0.4461943167692886,0.998,6/41,3.99%,JUN;FOS;NFKBIB;PTGS2;NFKBIA;IL12A
prerank,Thyroid hormone synthesis,-0.3942675958804973,-1.341342524949609,0.1,0.4285838175353395,0.998,12/28,23.03%,ATF6B;ATP1A1;ITPR1;PLCB1;TTF1;ATF2;ATF4;PLCB2;ATP1B1;CREB5;CREB3L2;TTF2
prerank,Insulin secretion,-0.40541126741494127,-1.3378760000418115,0.10647181628392484,0.41206568482913064,0.998,10/24,22.91%,ATF6B;ATP1A1;PLCB1;ATF2;ATF4;PLCB2;ATP1B1;VAMP2;CREB5;CREB3L2
prerank,Peroxisome,0.33924442929410176,1.3343416604763343,0.06679764243614932,0.2110509440391492,0.998,25/49,33.26%,PRDX5;SCP2;ACSL4;ECI2;PEX2;PEX11B;HSD17B4;IDH1;ACOT8;ECH1;CAT;IDH2;PXMP2;HMGCL;SLC27A2;PMVK;DECR2;PRDX1;MPV17;ACAA1;DHRS4;FAR2;PEX10;GSTK1;ABCD3
prerank,Tuberculosis,0.3021151214586784,1.3336154000172937,0.04963235294117647,0.20879584737192677,0.998,32/97,22.60%,RHOA;CORO1A;TNFRSF1A;BAX;RFXANK;FCER1G;RAB5C;MAPK1;CALM2;ITGAX;MYD88;MAPK9;FADD;BID;TGFB1;CALM1;IFNGR2;AKT1;LSP1;CALM3;ITGB2;IL18;ATP6V0B;TRADD;IL10RB;LAMP2;RFXAP;RAB7A;IRAK1;IFNGR1;JAK1;PPP3CB
prerank,Thyroid cancer,0.3965832628549261,1.3330466646938195,0.10379241516966067,0.20631788715371444,0.998,10/26,14.05%,TPM3;BAX;KRAS;NCOA4;MAPK1;MYC;MAP2K2;NRAS;TFG;BAK1
prerank,Long-term depression,0.3908914509342673,1.3300926507279385,0.076,0.2066766291295298,0.998,11/28,19.73%,GNAI2;KRAS;MAPK1;PPP2CB;MAP2K2;NRAS;GNAS;LYN;GNAI3;HRAS;PPP2R1A
prerank,Protein digestion and absorption,-0.45141776664961947,-1.3258910935044483,0.13883299798792756,0.41831198990161783,0.998,6/15,13.41%,SLC38A2;SLC3A2;ATP1A1;SLC36A4;COL9A2;SLC1A5
prerank,Proteoglycans in cancer,0.2991742123500157,1.3232668895216189,0.05,0.21326145685991701,0.998,27/93,22.17%,RHOA;PPP1CA;CDC42;ACTG1;PTPN6;MSN;CD63;RAC1;KRAS;EZR;MAPK1;MYC;ROCK2;TGFB1;MAP2K2;NRAS;PXN;AKT1;SMAD2;PPP1CC;HRAS;ITGB1;PTPN11;NUDT16L1;FAS;PIK3CA;IQGAP1
prerank,Cholesterol metabolism,0.4202219714848207,1.322754158907623,0.12525252525252525,0.2108999654726597,0.998,9/20,18.60%,VDAC1;VDAC3;TSPO;CD36;VDAC2;LIPA;VAPB;VAPA;NPC2
prerank,Pancreatic cancer,0.33273706475714837,1.3154590289010093,0.08333333333333333,0.2173676096177857,0.999,20/54,22.63%,RAC2;CDC42;RALB;RALA;BAX;RAC1;KRAS;RALBP1;MAPK1;MAPK9;TGFB1;AKT1;BAK1;SMAD2;ARHGEF6;SMAD3;PIK3CA;JAK1;IKBKG;TGFBR1
prerank,Glycosaminoglycan biosynthesis,-0.38291098754078445,-1.3085941082592316,0.10789980732177264,0.43993080437630366,0.999,13/27,30.29%,B4GALT4;DSE;ST3GAL1;XYLT1;FUT8;CHPF2;CHST11;CHSY1;CSGALNACT2;ST3GAL3;B3GNT2;GLCE;NDST2
prerank,Long-term potentiation,0.36501741786069664,1.3023222794225395,0.11787072243346007,0.23159443457516787,0.999,11/34,15.37%,PPP1CA;KRAS;RAP1B;RAP1A;MAPK1;CALM2;MAP2K2;CALM1;NRAS;CALM3;PPP1CC
prerank,Circadian entrainment,0.3694213012794367,1.2989139345056744,0.11178861788617886,0.23373074215996545,0.999,11/31,15.70%,GNG5;GNAI2;GNB1;GNB2;MAPK1;CALM2;GNB4;CALM1;GNAS;CALM3;GNAI3
prerank,Aldosterone synthesis and secretion,-0.35074929529087545,-1.2977785188034612,0.11889596602972399,0.44596305610961756,1.0,16/38,23.25%,NR4A1;NR4A2;ATF6B;ATP1A1;PRKD3;DAGLB;ITPR1;PLCB1;ATF2;ATF4;PLCB2;ATP1B1;CREB5;SCARB1;CREB3L2;LDLR
prerank,Epstein-Barr virus infection,0.27751157313969876,1.2954809316166134,0.05103969754253308,0.23547651983367412,0.999,45/128,21.99%,VIM;BAX;BTK;PSMD7;HDAC1;RAC1;PSMD4;PSMD13;ADRM1;PSMC1;MYC;OAS1;MYD88;MAPK9;FADD;BID;PSMD8;RUNX3;CCNA1;SAP30L;PSMD1;PSMD2;PSMC5;LYN;AKT1;BAK1;OAS2;PSMD3;ISG15;TRADD;SKP2;HDAC2;IFNAR1;PSMD11;MAVS;PSMD6;PSMC2;PSMD14;PSMC4;IRAK1;FAS;PIK3CA;CD3D;JAK1;IKBKG
prerank,Inflammatory bowel disease,-0.4013811118624875,-1.2952662791947158,0.1222707423580786,0.43070646001874857,1.0,3/22,3.99%,JUN;STAT3;IL12A
prerank,cGMP-PKG signaling pathway,0.30566720337986086,1.292548443206998,0.08782435129740519,0.23648447050272317,1.0,18/75,15.70%,RHOA;VDAC1;GNAI2;PPP1CA;VDAC3;SLC25A6;SLC25A5;MAPK1;CALM2;ROCK2;VDAC2;VASP;MAP2K2;CALM1;AKT1;CALM3;PPP1CC;GNAI3
prerank,Alcoholism,0.3219910902545176,1.2910214548397192,0.10934393638170974,0.23586277964752303,1.0,19/55,19.95%,GNG5;GNAI2;PPP1CA;GNB1;HDAC1;KRAS;GNB2;MAPK1;CALM2;GNB4;CALM1;NRAS;GNAS;CALM3;PPP1CC;GNAI3;HDAC2;HRAS;SLC29A1
prerank,Hematopoietic cell lineage,0.3678239440689391,1.2872749668074464,0.12790697674418605,0.2378495101068466,1.0,10/30,24.08%,IL3RA;CD9;IL2RA;CD36;CD33;CSF1R;CD7;ANPEP;CD3D;IL6R
prerank,Dopaminergic synapse,0.31392571394315355,1.2863789179467116,0.098,0.23611291130104176,1.0,19/64,17.62%,GNG5;GNAI2;PPP1CA;COMT;GNB1;GNB2;CALM2;PPP2CB;MAPK9;GNB4;CALM1;GNAS;AKT1;CALM3;PPP1CC;GNAI3;KIF5B;ARRB2;PPP2R5A
prerank,Pathways in cancer,0.252147740302898,1.2852456930965257,0.01953125,0.23481404008527285,1.0,55/249,15.70%,RHOA;TPM3;SPI1;RBX1;GNG5;GNAI2;RAC2;CDC42;MGST3;RALB;RALA;IL3RA;BAX;GNB1;HDAC1;APPL1;RAC1;IL2RA;KRAS;GSTO1;NCOA4;RALBP1;GNB2;IL2RG;MAPK1;CALM2;MYC;ROCK2;GSTP1;MAPK9;FADD;BID;TGFB1;MAP2K2;GNB4;JUP;CCNA1;CALM1;IFNGR2;NRAS;GNAS;TFG;MAX;TXNRD1;AKT1;BAK1;CALM3;FH;IL12RB1;CSF1R;MSH2;SMAD2;CEBPA;RASGRP4;GNAI3
prerank,Influenza A,0.28424565391883344,1.2791451162780456,0.07372400756143667,0.24096802354394284,1.0,33/106,21.99%,PYCARD;VDAC1;TNFRSF1A;ACTG1;BAX;SLC25A6;SLC25A5;CCL5;CALCOCO2;EIF2S1;TPSAB1;MAPK1;OAS1;MYD88;FADD;BID;MAP2K2;FDPS;IFNGR2;RAB11A;AKT1;BAK1;IL18;OAS2;TRADD;IFNAR1;MAVS;NXT2;FAS;IFNGR1;PIK3CA;JAK1;IKBKG
prerank,Prostate cancer,-0.318362192223064,-1.2778728413058034,0.10748560460652591,0.45363880764106246,1.0,23/55,26.88%,TCF7;BRAF;NFKBIA;RAF1;TCF7L2;EP300;PIK3R1;FOXO1;AKT2;ERG;AKT3;ATF4;CREBBP;CTNNB1;CREB5;PIK3CB;CREB3L2;MDM2;BCL2;E2F3;PDPK1;SOS2;CHUK
prerank,Prolactin signaling pathway,-0.33706856268585317,-1.2719092537517804,0.1276595744680851,0.4500231889085377,1.0,16/42,24.01%,FOS;STAT3;FOXO3;RAF1;SOCS3;PIK3R1;JAK2;SOCS4;AKT2;IRF1;STAT5B;AKT3;PIK3CB;SOCS1;SOCS6;MAPK14
prerank,HIF-1 signaling pathway,0.31438727951599305,1.2634913089519093,0.11259541984732824,0.26036346987762193,1.0,14/57,13.83%,RBX1;PFKP;TIMP1;EIF4E2;PDHA1;PDHB;ENO1;MAPK1;EIF4EBP1;MAP2K2;HK1;LDHB;IFNGR2;AKT1
prerank,Th1 and Th2 cell differentiation,-0.31790990773644145,-1.257674293836994,0.12114989733059549,0.46731997803023734,1.0,9/50,12.36%,JUN;FOS;NFKBIB;NFKBIA;IL12A;MAML3;JAK2;MAML2;NOTCH1
prerank,Homologous recombination,-0.3602988929361729,-1.2576559762144177,0.16432865731462926,0.4486271789090278,1.0,14/27,27.36%,BRCA2;RAD52;BARD1;TOP3A;BRCA1;POLD1;RAD51B;BLM;UIMC1;POLD2;TOP3B;ATM;MUS81;POLD3
prerank,Transcriptional misregulation in cancer,-0.28316721751286306,-1.2574261302153293,0.09603340292275574,0.43182591409111226,1.0,37/99,27.55%,NFKBIZ;FUS;GADD45B;DDIT3;REL;MEIS1;JMJD1C;CEBPB;DDX5;SIN3A;KDM6A;MLLT3;ETV6;PER2;FUT8;FOXO1;NCOR1;CCNT2;CCNT1;ZBTB17;ERG;RXRB;ASPSCR1;AFF1;GADD45A;DOT1L;EWSR1;BIRC3;MDM2;ATM;TFE3;KMT2A;BCL2A1;FLI1;ID2;RXRA;TGFBR2
prerank,Human cytomegalovirus infection,0.26781526262189115,1.2522027082205558,0.07142857142857142,0.2747651844651781,1.0,27/129,14.11%,RHOA;GNG5;GNAI2;RAC2;TNFRSF1A;BAX;GNB1;RAC1;KRAS;CCL5;GNB2;MAPK1;EIF4EBP1;CALM2;MYC;ROCK2;FADD;BID;MAP2K2;GNB4;CALM1;NRAS;GNAS;PXN;AKT1;BAK1;CALM3
prerank,Regulation of lipolysis in adipocytes,-0.3750683852724258,-1.2493641785082799,0.14960629921259844,0.43631177791267983,1.0,10/24,25.00%,ABHD5;IRS2;PTGS2;PIK3R1;INSR;AKT2;PTGS1;AKT3;PIK3CB;ADRB2
prerank,Th17 cell differentiation,-0.30707243739985096,-1.2459774820201204,0.12109375,0.42937671122564025,1.0,6/59,2.81%,JUN;FOS;STAT3;NFKBIB;IL6ST;NFKBIA
prerank,VEGF signaling pathway,0.34144341323045524,1.244801005639199,0.18049792531120332,0.28329176846606763,1.0,10/35,13.83%,RAC2;CDC42;RAC1;KRAS;MAPK1;MAPKAPK3;MAP2K2;NRAS;PXN;AKT1
prerank,Oxytocin signaling pathway,0.29604672789349895,1.2411293673490835,0.11222444889779559,0.2857364325887264,1.0,19/70,16.53%,RHOA;MYL6;GNAI2;PPP1CA;ACTG1;CAMK1D;KRAS;MAPK1;CALM2;ROCK2;CACNA2D4;MAP2K2;CALM1;NRAS;GNAS;CALM3;PPP1CC;GNAI3;EEF2
prerank,Hepatitis C,0.27726949085812025,1.2400784339433344,0.1028225806451613,0.28420466761716695,1.0,31/100,21.99%,YWHAB;TNFRSF1A;BAX;YWHAH;KRAS;EIF2S1;YWHAE;MAPK1;MYC;PPP2CB;OAS1;FADD;BID;MAP2K2;NR1H3;NRAS;AKT1;BAK1;EIF2AK1;OAS2;TRADD;IFNAR1;MAVS;YWHAQ;YWHAG;HRAS;PPP2R1A;FAS;PIK3CA;JAK1;IKBKG
prerank,Vascular smooth muscle contraction,0.3132702949167135,1.2360597745469317,0.14084507042253522,0.2873655745724566,1.0,12/49,15.37%,RHOA;MYL6;PPP1CA;MAPK1;CALM2;ROCK2;MAP2K2;CALM1;GNAS;CALM3;PRKCD;PPP1CC
prerank,Apelin signaling pathway,0.2953798573525423,1.23202895998843,0.12452830188679245,0.29176485187365375,1.0,21/66,23.60%,GNG5;GNAI2;GNB1;KRAS;GNB2;MAPK1;CALM2;MAP2K2;GNB4;CALM1;NRAS;AKT1;CALM3;SMAD2;GNAI3;BECN1;HRAS;GABARAPL2;SMAD3;TGFBR1;ACTA2
prerank,Nicotinate and nicotinamide metabolism,-0.3918574690304211,-1.2262108882632325,0.18867924528301888,0.4633745914311945,1.0,7/20,24.38%,NAMPT;SIRT1;SIRT7;NMRK1;NT5C2;NADSYN1;BST1
prerank,Hypertrophic cardiomyopathy,0.3664451516156968,1.2204482379558796,0.185546875,0.3066541720008123,1.0,8/26,19.63%,TPM3;ACTG1;CACNA2D4;TGFB1;TPM4;LMNA;ITGB7;ITGB1
prerank,Porphyrin and chlorophyll metabolism,0.4071627352079236,1.2201589789162286,0.2125506072874494,0.3037183362058796,1.0,8/17,36.72%,HMOX2;COX15;UROS;FXN;FECH;HCCS;CPOX;MMAB
prerank,MAPK signaling pathway,-0.25461970562718944,-1.2156842833001973,0.08695652173913043,0.4753794120197728,1.0,37/149,19.27%,JUN;FOS;DUSP1;NR4A1;GADD45B;AREG;JUND;DDIT3;EREG;BRAF;RAF1;SRF;MAP3K3;MAP3K4;RAPGEF2;PPM1B;MAP3K5;MAPK8IP3;MAPKAPK2;DUSP10;INSR;MAP3K11;STK3;DUSP2;MAP3K8;MAP2K7;AKT2;ATF2;TAOK2;TAOK3;TAB2;RASA2;MAP4K3;STK4;AKT3;GADD45A;ATF4
prerank,GABAergic synapse,0.3620576181329492,1.2150795854364456,0.1977401129943503,0.3087685769011488,1.0,7/25,15.70%,GNG5;GNAI2;GNB1;GNB2;GNB4;SLC38A1;GNAI3
prerank,Fc epsilon RI signaling pathway,0.3220911073003812,1.2141573929658527,0.15734989648033126,0.30709895019625955,1.0,12/44,13.83%,RAC2;BTK;RAC1;KRAS;FCER1G;ALOX5AP;MAPK1;MAPK9;MAP2K2;NRAS;LYN;AKT1
prerank,Non-small cell lung cancer,-0.30691569769006793,-1.2105316131690003,0.17519685039370078,0.47259980809095253,1.0,15/48,19.24%,GADD45B;STAT3;FOXO3;BRAF;EML4;RAF1;PIK3R1;PLCG2;AKT2;STAT5B;RXRB;STK4;FHIT;AKT3;GADD45A
prerank,Chemokine signaling pathway,0.2736106780016832,1.209520336636033,0.136986301369863,0.3112841466563816,1.0,23/95,16.51%,RHOA;GNG5;GNAI2;RAC2;CDC42;GNB1;RAC1;KRAS;CCL5;GNB2;RAP1B;RAP1A;MAPK1;ROCK2;GNB4;NRAS;WAS;PXN;LYN;AKT1;PRKCD;GNAI3;ARRB2
prerank,Renin secretion,0.36154350576966626,1.2061184871475297,0.20267686424474188,0.31358147178664453,1.0,7/26,15.70%,GNAI2;ORAI1;CALM2;CALM1;GNAS;CALM3;GNAI3
prerank,Endocrine and other factor-regulated calcium reabsorption,0.3696808204145439,1.203235440097418,0.22924901185770752,0.3151542719061305,1.0,7/23,21.45%,AP2M1;CLTA;CLTC;RAB11A;GNAS;AP2S1;AP2B1
prerank,Cellular senescence,0.27096196254304095,1.2024983231894253,0.15459882583170254,0.3130920646334842,1.0,23/95,15.37%,VDAC1;CAPN1;PPP1CA;VDAC3;SLC25A6;SLC25A5;KRAS;PPID;MAPK1;EIF4EBP1;CALM2;MYC;VDAC2;TGFB1;MAP2K2;CCNA1;CALM1;NRAS;CAPN2;AKT1;CALM3;SMAD2;PPP1CC
prerank,PD-L1 expression and PD-1 checkpoint pathway in cancer,-0.2917466749886406,-1.2002231752751211,0.17738791423001948,0.4835009973115948,1.0,8/60,6.58%,JUN;FOS;STAT3;NFKBIB;NFKBIA;EML4;RAF1;MAP3K3
prerank,Longevity regulating pathway,-0.28804001123018297,-1.199248316615681,0.1574642126789366,0.4713512718022301,1.0,23/65,22.91%,FOXO3;IRS2;SOD2;SIRT1;ATF6B;EHMT2;SESN3;ULK1;PIK3R1;INSR;FOXO1;EHMT1;PRKAG2;AKT2;ATF2;AKT3;ATF4;ADIPOR2;CREB5;PRKAG1;RB1CC1;PIK3CB;CREB3L2
prerank,ErbB signaling pathway,-0.3038107469177553,-1.1981451648890717,0.18442622950819673,0.4600998841996256,1.0,13/53,16.01%,JUN;AREG;EREG;BRAF;RAF1;PIK3R1;ABL2;PLCG2;PAK4;MAP2K7;AKT2;ABL1;STAT5B
prerank,Pancreatic secretion,0.33601884367772555,1.1979580656390143,0.22115384615384615,0.3173374809709335,1.0,7/32,12.36%,RHOA;RAC1;RAP1B;RAP1A;RAB8A;RAB11A;GNAS
prerank,Colorectal cancer,-0.28876167273148773,-1.192258473083377,0.16255144032921812,0.46075052343372525,1.0,10/65,6.52%,JUN;FOS;GADD45B;AREG;TCF7;EREG;BRAF;CYCS;RAF1;TCF7L2
prerank,Hepatocellular carcinoma,0.27325278739412695,1.189319054763374,0.14457831325301204,0.3283501892681921,1.0,27/86,22.63%,MGST3;ACTG1;BAX;KRAS;GSTO1;MAPK1;MYC;PBRM1;GSTP1;TGFB1;MAP2K2;NRAS;SMARCB1;SMARCE1;TXNRD1;AKT1;BAK1;SMAD2;KEAP1;MGST2;HRAS;ACTL6A;SMARCD2;SMAD3;PIK3CA;MGST1;TGFBR1
prerank,Viral myocarditis,0.39671289750042577,1.1887700655633633,0.23625254582484725,0.3259122632119203,1.0,5/18,14.13%,RAC2;ACTG1;RAC1;BID;ITGB2
prerank,RNA degradation,-0.28552291679067354,-1.1808503879663583,0.18672199170124482,0.4737760047793869,1.0,17/61,16.52%,BTG1;BTG2;CNOT4;TOB2;TOB1;DCP1A;CNOT2;PAN2;PABPC4;DHX36;DDX6;BTG3;CNOT1;CNOT10;PARN;PAN3;XRN1
prerank,Gap junction,0.32863722654637084,1.169527117331181,0.22444889779559118,0.35734097430206735,1.0,10/34,19.27%,GNAI2;TUBB6;KRAS;MAPK1;MAP2K2;NRAS;GNAS;GNAI3;TUBA1C;HRAS
prerank,cAMP signaling pathway,0.27550411555136645,1.1644705498619627,0.1845841784989858,0.3627757149719043,1.0,20/76,15.70%,RHOA;GNAI2;PPP1CA;RAC2;ORAI1;RAC1;RAP1B;RAP1A;MAPK1;CALM2;ROCK2;SUCNR1;MAPK9;MAP2K2;CALM1;GNAS;AKT1;CALM3;PPP1CC;GNAI3
prerank,Kaposi sarcoma-associated herpesvirus infection,-0.2517996333987134,-1.1642763543548844,0.17261904761904762,0.5034044537990423,1.0,25/118,14.64%,JUN;FOS;STAT3;TCF7;PTGS2;IL6ST;NFKBIA;CXCL3;CYCS;ZFP36;RAF1;CXCL2;TCF7L2;GABARAPL1;IRF3;MAPKAPK2;EP300;PIK3R1;PLCG2;JAK2;IRF9;ITPR1;MAP2K7;ATG14;AKT2
prerank,Human papillomavirus infection,0.23899202008348797,1.1609904817436245,0.14785992217898833,0.36576722425709735,1.0,43/156,21.99%,CDC42;TNFRSF1A;BAX;SLC9A3R1;HDAC1;KRAS;ATP6V1F;MAPK1;EIF4EBP1;ATP6V1G1;PSMC1;TADA3;ATP6V0E1;PPP2CB;FADD;MAP2K2;PKM;CCNA1;BCAP31;NRAS;GNAS;PXN;ATP6V1E1;AKT1;BAK1;ATP6V0B;ISG15;TRADD;HDAC2;PPP2R5A;IFNAR1;HRAS;ITGB7;PRKCI;ATP6V1B2;ITGB1;PPP2R1A;ATP6V1A;FAS;MFNG;PIK3CA;JAK1;IKBKG
prerank,Adipocytokine signaling pathway,-0.30345592083887785,-1.1565033374421296,0.21414141414141413,0.5093090022776132,1.0,15/44,22.86%,STAT3;IRS2;NFKBIB;NFKBIA;SOCS3;ACSL1;JAK2;PRKAG2;AKT2;RXRB;NFKBIE;AKT3;ADIPOR2;PRKAG1;TNF
prerank,Renal cell carcinoma,0.2931064884828683,1.1560482489384667,0.24165029469548133,0.37138130055886365,1.0,13/51,14.18%,RBX1;PAK2;CDC42;RAC1;KRAS;RAP1B;RAP1A;MAPK1;TGFB1;MAP2K2;NRAS;AKT1;FH
prerank,Amino sugar and nucleotide sugar metabolism,0.3236215277519185,1.1559154468249606,0.24435318275154005,0.36803991775490463,1.0,8/31,20.13%,CMAS;CYB5R3;PGM2;HK1;PGM1;UXS1;GALK1;GMDS
prerank,Carbohydrate digestion and absorption,-0.38579350128845413,-1.1533926351464054,0.27070707070707073,0.503685716763507,1.0,8/17,22.41%,ATP1A1;PIK3R1;PLCB1;AKT2;AKT3;PLCB2;ATP1B1;PIK3CB
prerank,Cell cycle,0.268439555010987,1.1513956594083905,0.19583333333333333,0.37305058980086997,1.0,22/78,18.93%,YWHAB;RBX1;SMC3;YWHAH;HDAC1;ANAPC11;YWHAE;RAD21;MYC;CDKN2D;TGFB1;CCNA1;BUB3;CDC23;CDC26;SMAD2;SKP2;HDAC2;YWHAQ;YWHAG;MCM6;CDC16
prerank,Cushing syndrome,-0.2817611636025089,-1.1500168007436447,0.21188118811881188,0.49999132772526234,1.0,22/60,23.25%,NR4A1;TCF7;BRAF;ARMC5;ATF6B;TCF7L2;RBBP5;ITPR1;PLCB1;KMT2D;ATF2;ATF4;PLCB2;AHR;USP8;CTNNB1;WDR5;CREB5;SCARB1;DVL2;CREB3L2;LDLR
prerank,Pertussis,0.3005683186979625,1.1488453076844316,0.21689059500959693,0.37453414412677594,1.0,12/41,15.70%,PYCARD;RHOA;CFL1;GNAI2;MAPK1;CALM2;MYD88;MAPK9;CALM1;CALM3;ITGB2;GNAI3
prerank,Adrenergic signaling in cardiomyocytes,0.27892781082897,1.144470796162031,0.22899159663865545,0.3793767811990258,1.0,17/64,19.73%,TPM3;GNAI2;PPP1CA;MAPK1;CALM2;PPP2CB;SCN1B;CACNA2D4;CALM1;GNAS;AKT1;CALM3;PPP1CC;GNAI3;PPP2R5A;TPM4;PPP2R1A
prerank,Glioma,0.30648832700335893,1.1436302712353306,0.25440313111545987,0.3774665165266699,1.0,11/41,14.11%,BAX;CAMK1D;KRAS;MAPK1;CALM2;MAP2K2;CALM1;NRAS;AKT1;BAK1;CALM3
prerank,Rheumatoid arthritis,-0.30504636377388644,-1.1435198767530244,0.2396694214876033,0.5040410685088553,1.0,6/36,11.83%,JUN;FOS;CXCL3;CXCL2;ATP6V0A1;ATP6V0A2
prerank,Collecting duct acid secretion,0.402829886449617,1.1394983962983698,0.2868217054263566,0.3816882703577479,1.0,7/15,20.58%,ATP6V1F;ATP6V1G1;ATP6V0E1;ATP6V1E1;SLC12A7;ATP6V1B2;ATP6V1A
prerank,Glutamatergic synapse,0.30563020626529475,1.139190199049563,0.27111984282907664,0.3786859719462287,1.0,9/39,15.70%,GNG5;GNAI2;GNB1;GNB2;MAPK1;GNB4;GNAS;SLC38A1;GNAI3
prerank,Toll-like receptor signaling pathway,-0.2811862111122725,-1.1343339993914607,0.2552742616033755,0.5157277896849486,1.0,10/56,14.64%,JUN;FOS;NFKBIA;IL12A;CCL4;IRF3;PIK3R1;MAP3K8;MAP2K7;AKT2
prerank,Legionellosis,-0.30149163535095824,-1.1334230082692327,0.2608695652173913,0.5062510966393927,1.0,6/38,6.08%,CLK1;NFKBIA;CXCL3;CYCS;IL12A;CXCL2
prerank,Small cell lung cancer,-0.2880109213460919,-1.1291287686327682,0.24737945492662475,0.5048367641377788,1.0,18/50,27.31%,GADD45B;PTGS2;NFKBIA;CYCS;PIK3R1;AKT2;ZBTB17;RXRB;FHIT;AKT3;GADD45A;PIK3CB;BIRC3;BCL2;CKS2;E2F3;CHUK;RXRA
prerank,Malaria,0.3522179571759095,1.12695249543105,0.28623853211009176,0.39832638941354315,1.0,5/20,14.94%,CD36;MYD88;TGFB1;ITGB2;IL18
prerank,mTOR signaling pathway,0.25403086944919157,1.1250397120038607,0.2350674373795761,0.3985095045563637,1.0,26/93,22.06%,RHOA;LAMTOR2;TNFRSF1A;RRAGC;EIF4E2;LAMTOR5;KRAS;LAMTOR1;ATP6V1F;MAPK1;EIF4EBP1;ATP6V1G1;RRAGA;MAP2K2;NRAS;LAMTOR4;ATP6V1E1;AKT1;SKP2;SEC13;CAB39;HRAS;ATP6V1B2;ATP6V1A;PIK3CA;PRR5
prerank,ABC transporters,-0.38809003835714867,-1.1231353146394145,0.29494949494949496,0.5089738771813179,1.0,9/15,33.28%,ABCA5;ABCA1;ABCA7;TAP2;ABCA2;ABCG1;ABCB8;ABCC1;ABCD4
prerank,Coronavirus disease,-0.267141536527656,-1.122528078461179,0.2732793522267207,0.4994928604555584,1.0,7/69,3.99%,JUN;FOS;STAT3;NFKBIB;IL6ST;NFKBIA;IL12A
prerank,Fanconi anemia pathway,-0.3239456609174978,-1.1142042515351258,0.29545454545454547,0.5089259849028613,1.0,15/31,28.28%,BRCA2;TOP3A;REV3L;BRCA1;POLH;TELO2;BLM;POLI;ATR;HES1;FANCM;TOP3B;FANCI;MUS81;FAN1
prerank,Thyroid hormone signaling pathway,-0.2643225305971651,-1.10826886729603,0.2757936507936508,0.5131963113924783,1.0,31/73,27.73%,MED12L;RAF1;ATP1A1;KAT2A;SIN3A;EP300;PIK3R1;PLCG2;NOTCH1;MED14;PLCB1;FOXO1;ATP2A2;NCOR1;AKT2;MED17;RXRB;HIF1A;NCOA2;AKT3;PLCB2;CREBBP;ATP1B1;CTNNB1;PIK3CB;MDM2;PDPK1;NCOA1;RXRA;MED13;MED13L
prerank,Melanogenesis,0.29743149164242866,1.105933558253364,0.30019880715705766,0.4322616061421633,1.0,10/38,15.70%,GNAI2;KRAS;MAPK1;CALM2;MAP2K2;CALM1;NRAS;GNAS;CALM3;GNAI3
prerank,Bladder cancer,0.3391956298741987,1.1040787381676247,0.3013972055888224,0.4324623352848704,1.0,5/23,11.81%,KRAS;MAPK1;MYC;MAP2K2;NRAS
prerank,Human T-cell leukemia virus 1 infection,0.23490494136302734,1.0985829550204356,0.23434343434343435,0.4395609025766637,1.0,30/134,15.00%,VDAC1;SPI1;TNFRSF1A;BAX;RAN;VDAC3;SLC25A6;IL2RA;SLC25A5;KRAS;TSPO;TLN1;ANAPC11;IL2RG;MAPK1;MYC;VDAC2;MAPK9;TGFB1;MAP2K2;CCNA1;RANBP1;FDPS;NRAS;BUB3;AKT1;ITGB2;CDC23;CDC26;SMAD2
prerank,Serotonergic synapse,0.2984521986897669,1.097422803605962,0.3118712273641851,0.4379138894478225,1.0,9/37,12.36%,GNG5;GNAI2;GNB1;KRAS;GNB2;MAPK1;GNB4;NRAS;GNAS
prerank,Arachidonic acid metabolism,0.3682406426572381,1.0935904546899506,0.3258655804480652,0.441301042614505,1.0,6/16,16.42%,PTGES3;CBR1;GPX7;LTC4S;GGT5;HPGDS
prerank,Apoptosis,-0.2421083367246029,-1.0849680386020026,0.27235772357723576,0.5587776694235062,1.0,11/99,5.04%,JUN;FOS;GADD45B;MCL1;DDIT3;ERN1;TUBA1A;NFKBIA;CYCS;DIABLO;RAF1
prerank,Osteoclast differentiation,-0.25033344198798824,-1.0804798486588523,0.2974559686888454,0.559049518688752,1.0,13/78,12.02%,JUN;FOSB;FOS;JUND;NFKBIA;JUNB;SOCS3;GAB2;FOSL1;PIK3R1;PLCG2;IRF9;FOSL2
prerank,Inositol phosphate metabolism,-0.2687008341351214,-1.0781638306833576,0.3184855233853007,0.5541277477082238,1.0,19/50,29.58%,PIK3C2A;IPMK;MTMR3;INPP5D;MTMR6;PLCG2;MTMR4;INPP5K;PLCB1;PI4KA;SYNJ1;PLCB2;PIK3CB;PIP5K1B;INPP4A;PIK3CG;PIP5K1A;SACM1L;PIK3C3
prerank,Ubiquitin mediated proteolysis,0.23440963689720234,1.076807554003028,0.2884990253411306,0.4728905081149304,1.0,24/115,17.50%,RBX1;UBE2E1;UBE2L3;ANAPC11;UBE2Q1;RNF7;UBE2K;UBA52;UBA2;UBE2I;UBE2L6;UBE2R2;UBE2J1;UBE2N;UBE4A;UBE2D2;CUL4A;UBE2A;UBE2B;CDC23;CDC26;KEAP1;UBE2J2;SKP2
prerank,Cytokine-cytokine receptor interaction,0.262044586882512,1.0733171930053793,0.3301158301158301,0.4764291135316289,1.0,25/68,25.51%,TNFRSF1A;IL3RA;IL2RA;CCL5;IL2RG;IL1RAP;TGFB1;LTB;TNFRSF18;IFNGR2;IL12RB1;CSF1R;IL18;IL10RB;IFNAR1;TNFRSF25;TNFRSF4;TNFSF13B;FAS;IFNGR1;IL15RA;TGFBR1;IL6R;IL17RE;TNFRSF1B
prerank,Lysosome,0.23951046180154928,1.066453054204645,0.3283018867924528,0.48782666185970575,1.0,37/98,29.82%,CLTA;CD63;LITAF;AP1M1;GLB1;CD68;GNPTAB;CTSA;CLTC;HYAL2;CTSZ;CTSC;HYAL3;AP3S1;FUCA2;SCARB2;AP3M1;LIPA;ATP6V0B;M6PR;NPC2;LAMP2;AP1S2;PLA2G15;CTSW;AP1S1;ACP2;TPP1;HEXA;CTSD;LAMP1;SUMF1;AGA;ATP6AP1;PPT1;CTNS;SLC17A5
prerank,Measles,-0.24555347560994564,-1.0661322173359404,0.32229580573951433,0.5742646911669547,1.0,8/86,3.99%,JUN;FOS;TNFAIP3;STAT3;NFKBIB;NFKBIA;CYCS;IL12A
prerank,Notch signaling pathway,-0.2922632967178368,-1.0619992696205576,0.35070140280561124,0.5733649898632562,1.0,8/36,12.36%,TLE4;KAT2A;ATXN1L;MAML3;ATXN1;EP300;MAML2;NOTCH1
prerank,Complement and coagulation cascades,0.35037212730756767,1.0478653486738314,0.39921722113502933,0.5228723661103444,1.0,6/18,19.04%,CFD;F12;ITGAX;ITGB2;C3AR1;F13A1
prerank,Other glycan degradation,-0.36045692954705877,-1.0477316890901984,0.3898989898989899,0.5995561080115759,1.0,6/15,24.40%,NEU1;ENGASE;MAN2C1;MANBA;GBA2;MAN2B1
prerank,JAK-STAT signaling pathway,-0.24661358430573244,-1.0468176995208336,0.3514644351464435,0.5910517892479561,1.0,24/72,24.29%,MCL1;STAT3;IL6ST;IL12A;RAF1;SOCS3;CSF3R;EP300;PIK3R1;JAK2;IRF9;SOCS4;PTPN2;AKT2;STAT5B;AKT3;CREBBP;IL10RA;TYK2;PIK3CB;SOCS1;MPL;SOCS6;BCL2
prerank,Basal transcription factors,-0.2821336872390034,-1.0348086497768527,0.40594059405940597,0.6128077108911382,1.0,16/35,28.24%,CCNH;GTF2F1;TAF4B;MNAT1;TAF1;GTF2B;TAF9B;GTF2H2C;TAF3;GTF2H2;GTF2A1;TAF2;TAF13;CDK7;ERCC3;TAF6L
prerank,Insulin resistance,-0.2517458819002604,-1.0310954709144935,0.3941299790356394,0.6118305041938816,1.0,19/63,22.91%,STAT3;IRS2;NFKBIA;MLXIP;PPP1R3E;SOCS3;PIK3R1;INSR;CRTC2;SREBF1;FOXO1;PRKAG2;AKT2;AKT3;CREB5;PRKAG1;PIK3CB;TNF;CREB3L2
prerank,Circadian rhythm,-0.32620398607401113,-1.0288209356716764,0.41140529531568226,0.6072027727355644,1.0,9/19,29.28%,PER1;PER2;PRKAG2;PRKAG1;CSNK1D;CLOCK;CRY1;FBXW11;CSNK1E
prerank,Glucagon signaling pathway,0.2579296734677463,1.02817964979259,0.4045368620037807,0.5651584705183078,1.0,12/58,14.11%,PGAM1;PFKP;PDHA1;PPP4C;PDHB;CALM2;PKM;LDHB;CALM1;GNAS;AKT1;CALM3
prerank,Hippo signaling pathway,0.24965342704049115,1.0279292305673526,0.38953488372093026,0.5610997239116232,1.0,17/62,20.90%,YWHAB;PPP1CA;ACTG1;YWHAH;MOB1A;YWHAE;MYC;PPP2CB;TGFB1;ITGB2;SMAD2;PPP1CC;YWHAQ;YWHAG;PRKCI;PPP2R1A;SMAD3
prerank,Phosphatidylinositol signaling system,-0.24416218710099516,-1.0273458799702266,0.3969957081545064,0.600803434808747,1.0,22/59,29.75%,PIK3C2A;IPMK;MTMR3;INPP5D;MTMR6;PIK3R1;PLCG2;ITPR1;MTMR4;PLCB1;PI4KA;SYNJ1;IP6K1;PLCB2;PIK3CB;PIP5K1B;DGKZ;INPP4A;PIP5K1A;SACM1L;PIK3C3;DGKG
prerank,RIG-I-like receptor signaling pathway,-0.26830520609821334,-1.0099225518647583,0.42071881606765327,0.635018645390686,1.0,7/42,12.68%,DDX3X;NFKBIB;NFKBIA;IL12A;IRF3;AZI2;ATG12
prerank,Ribosome biogenesis in eukaryotes,0.24395142221410443,1.0094123317721635,0.4437984496124031,0.6004274461884747,1.0,14/62,17.54%,RPP25L;RAN;CSNK2A1;EIF6;XRN2;NOP10;NOB1;NHP2;POP4;IMP3;UTP6;CSNK2B;CSNK2A2;RIOK2
prerank,Lipid and atherosclerosis,0.21938274272165587,1.0062018613136472,0.4461538461538462,0.6035816168949335,1.0,27/123,14.94%,PYCARD;RHOA;CDC42;TNFRSF1A;BAX;RAC1;KRAS;CCL5;EIF2S1;NCF4;CYBA;RAP1B;RAP1A;MAPK1;CD36;CALM2;ROCK2;MYD88;MAPK9;BID;CALM1;NRAS;NCF2;LYN;AKT1;CALM3;IL18
prerank,Viral carcinogenesis,0.21780489886342635,1.0030290498249876,0.43673469387755104,0.6060631752300643,1.0,24/117,14.05%,RHOA;YWHAB;CDC42;BAX;YWHAH;VDAC3;HDAC1;RAC1;KRAS;YWHAE;MAPK1;PSMC1;GTF2E1;GTF2A2;PKM;CCNA1;RANBP1;HNRNPK;NRAS;PXN;LYN;ACTN4;GTF2H3;BAK1
prerank,Spliceosome,-0.21909570732438102,-1.0019686648028985,0.448207171314741,0.6437841826238891,1.0,26/119,16.63%,SRSF7;PRPF38B;FUS;TRA2B;SRSF10;TRA2A;PRPF3;RBM25;CHERP;DDX5;HNRNPU;DHX38;BCAS2;SRSF1;THOC1;SNRNP70;PRPF18;TCERG1;EIF4A3;HNRNPA3;SRSF6;RBMX;DHX15;RBMXL1;SRSF2;U2AF1
prerank,Phospholipase D signaling pathway,0.23604266051857137,0.9975111818107661,0.448559670781893,0.6150477482982305,1.0,14/75,15.55%,RHOA;RALB;RALA;KRAS;FCER1G;MAPK1;MAP2K2;NRAS;GNAS;ARF1;ARF6;AKT1;PIP5K1C;AGPAT2
prerank,Cytosolic DNA-sensing pathway,0.27656757912395663,0.9964122524801182,0.4393638170974155,0.6128685667507124,1.0,8/37,14.94%,PYCARD;CCL5;POLR3K;POLR2L;POLR1D;POLR3GL;POLR2E;IL18
prerank,Chagas disease,0.24044612226114492,0.9943409532397839,0.4474708171206226,0.6131840695263001,1.0,23/62,22.63%,GNAI2;TNFRSF1A;CCL5;MAPK1;PPP2CB;MYD88;MAPK9;FADD;TGFB1;IFNGR2;GNAS;AKT1;SMAD2;GNAI3;PPP2R1A;IRAK1;GNA15;FAS;IFNGR1;PIK3CA;CD3D;IKBKG;TGFBR1
prerank,Cholinergic synapse,0.25317548401028767,0.9929170683487447,0.48893360160965793,0.6119774974584077,1.0,10/49,15.70%,GNG5;GNAI2;GNB1;KRAS;GNB2;MAPK1;GNB4;NRAS;AKT1;GNAI3
prerank,Estrogen signaling pathway,-0.24206155450496059,-0.9895080058023851,0.4656964656964657,0.6663775908420778,1.0,19/60,26.52%,JUN;FOS;ATF6B;RAF1;PIK3R1;ITPR1;PLCB1;AKT2;ATF2;NCOA2;AKT3;ATF4;PLCB2;CREB5;PIK3CB;CREB3L2;BCL2;NCOA1;SOS2
prerank,DNA replication,-0.28003102603893926,-0.9810419160498962,0.4779116465863454,0.6782324527533096,1.0,9/29,21.60%,MCM7;LIG1;POLA1;RFC1;POLD1;POLE;MCM4;PRIM2;POLD2
prerank,Neurotrophin signaling pathway,0.23077706168966347,0.9801097417706683,0.5050100200400801,0.6376394593291642,1.0,18/79,14.43%,RHOA;CDC42;BAX;RAC1;KRAS;YWHAE;RAP1B;RAP1A;MAPK1;CALM2;MAPK9;ARHGDIB;MAP2K2;CALM1;NRAS;AKT1;CALM3;PRKCD
prerank,NOD-like receptor signaling pathway,0.21382187735205813,0.9752139703052753,0.5058139534883721,0.6440909172125971,1.0,17/114,9.74%,PYCARD;RHOA;VDAC1;CARD6;TXN;VDAC3;CCL5;BRCC3;CYBA;YWHAE;MAPK1;TXN2;VDAC2;OAS1;MYD88;MAPK9;FADD
prerank,Progesterone-mediated oocyte maturation,0.2519656676156464,0.9635604071983502,0.5257936507936508,0.6679621102954614,1.0,10/46,15.70%,GNAI2;KRAS;ANAPC11;MAPK1;MAPK9;CCNA1;AKT1;CDC23;CDC26;GNAI3
prerank,Hepatitis B,-0.21014705259476865,-0.9616811572746838,0.5446985446985447,0.7173597259561183,1.0,31/111,25.10%,JUN;FOS;STAT3;DDX3X;BRAF;NFKBIA;CYCS;ATF6B;RAF1;IRF3;EP300;PIK3R1;JAK2;MAP2K7;AKT2;STAT5B;ATF2;TAB2;AKT3;ATF4;CREBBP;TYK2;NFATC1;CREB5;PIK3CB;TNF;CREB3L2;MAPK14;BCL2;NFATC3;E2F3
prerank,GnRH secretion,0.29259864377465483,0.9593736344561178,0.501010101010101,0.6731822427316165,1.0,9/24,21.70%,KRAS;MAPK1;MAP2K2;NRAS;AKT1;ARRB2;KCNN4;HRAS;PIK3CA
prerank,Acute myeloid leukemia,0.2431425533659667,0.9539649152617782,0.5153374233128835,0.6813229880606346,1.0,12/52,15.03%,SPI1;KRAS;MAPK1;EIF4EBP1;MYC;MAP2K2;JUP;CCNA1;NRAS;AKT1;CSF1R;CEBPA
prerank,Bile secretion,-0.3264372909812282,-0.952496324416156,0.5129224652087475,0.7306271388831443,1.0,8/17,31.41%,ATP1A1;ATP1B1;SCARB1;LDLR;NCEH1;RXRA;CA2;SLC4A2
prerank,MicroRNAs in cancer,-0.21470756732493881,-0.9495140716463781,0.5740365111561866,0.7277142248957356,1.0,30/93,25.10%,MCL1;STAT3;IRS2;PTGS2;GLS;SIRT1;RAF1;SOX4;BRCA1;EP300;PIK3R1;PLCG2;NOTCH1;PAK4;ABL1;FOXP1;EZH2;MDM4;HDAC5;CREBBP;TPM1;SPRY2;PIK3CB;SOCS1;DNMT1;MDM2;BCL2;ATM;RECK;E2F3
prerank,Arginine and proline metabolism,-0.31357067816813783,-0.9473788520646848,0.5110220440881763,0.7224859140253982,1.0,3/19,7.31%,SAT1;AMD1;SAT2
prerank,TGF-beta signaling pathway,0.24979886129978746,0.9467337251323952,0.5476673427991886,0.6940380250942241,1.0,6/41,10.40%,RHOA;RBX1;MAPK1;MYC;PPP2CB;TGFB1
prerank,Wnt signaling pathway,0.2268338791513966,0.9459785020593561,0.5348360655737705,0.6906026273454358,1.0,10/68,9.21%,RHOA;RBX1;RAC2;CTNNBIP1;RAC1;CSNK2A1;MYC;ROCK2;RUVBL1;MAPK9
prerank,AGE-RAGE signaling pathway in diabetic complications,-0.23402654927552885,-0.9444162736635849,0.5325443786982249,0.7194825202650655,1.0,18/52,24.29%,JUN;STAT3;EGR1;SERPINE1;PIK3R1;PLCG2;JAK2;PLCB1;FOXO1;AKT2;STAT5B;AKT3;PLCB2;NFATC1;PIK3CB;TNF;MAPK14;BCL2
prerank,Choline metabolism in cancer,0.23317871481341151,0.9409034006997953,0.5553398058252427,0.697945987772238,1.0,13/57,14.55%,RAC2;LYPLA1;RAC1;KRAS;MAPK1;EIF4EBP1;WASF2;MAPK9;MAP2K2;NRAS;WAS;AKT1;PIP5K1C
prerank,T cell receptor signaling pathway,-0.22735693573982446,-0.9393219568775092,0.5588822355289421,0.722196875718762,1.0,22/66,26.88%,JUN;FOS;NFKBIB;NFKBIA;RAF1;DLG1;PIK3R1;PAK4;MAP3K8;MAP2K7;AKT2;NFKBIE;VAV3;AKT3;NFATC1;PIK3CB;TNF;MAPK14;NFATC3;PDPK1;SOS2;CHUK
prerank,B cell receptor signaling pathway,-0.23279136018398527,-0.9384580143023286,0.5926640926640927,0.7139016564044749,1.0,8/58,11.25%,JUN;FOS;NFKBIB;NFKBIA;RAF1;INPP5D;PIK3R1;PLCG2
prerank,Epithelial cell signaling in Helicobacter pylori infection,0.24865849212663568,0.9382339262984947,0.5522682445759369,0.6991061076328311,1.0,17/45,21.99%,CDC42;RAC1;CCL5;ATP6V1F;ATP6V1G1;ATP6V0E1;MAPK9;LYN;ATP6V1E1;F11R;CSK;ATP6V0B;ATP6V1B2;ADAM10;ATP6V1A;PTPN11;IKBKG
prerank,Chemical carcinogenesis,-0.21436936412317611,-0.9380806612868149,0.5807692307692308,0.7048727191001355,1.0,7/88,5.04%,JUN;FOS;KLF4;STAT3;PTGS2;ATF6B;RAF1
prerank,Inflammatory mediator regulation of TRP channels,0.2508949700866698,0.930236848761931,0.576,0.7128379136290234,1.0,9/39,15.37%,PPP1CA;CALM2;IL1RAP;MAPK9;CALM1;GNAS;CALM3;PRKCD;PPP1CC
prerank,p53 signaling pathway,-0.2479675295995865,-0.9246290771753043,0.5769230769230769,0.7270642422840845,1.0,14/41,24.69%,GADD45B;CYCS;SERPINE1;SESN3;PPM1D;CCNG2;TNFRSF10B;MDM4;PMAIP1;GADD45A;ATR;MDM2;BCL2;ATM
prerank,Endometrial cancer,-0.24404061843689046,-0.9209562558359444,0.5784114052953157,0.7257624770867809,1.0,6/43,6.52%,GADD45B;TCF7;FOXO3;BRAF;RAF1;TCF7L2
prerank,Ferroptosis,0.26675141880796377,0.9083735695218343,0.6178217821782178,0.7608507885194961,1.0,6/29,8.52%,VDAC3;PCBP1;NCOA4;ACSL4;GPX4;VDAC2
prerank,NF-kappa B signaling pathway,-0.21725197364028506,-0.8982285267356616,0.6519916142557652,0.7693854638612249,1.0,8/63,8.66%,TNFAIP3;GADD45B;PTGS2;NFKBIA;CXCL3;CXCL2;ERC1;CCL4
prerank,RNA transport,0.191480492643034,0.8951411658556402,0.7330827067669173,0.7870215885986251,1.0,26/140,12.97%,GEMIN7;RPP25L;RAN;EIF4E2;SUMO2;KPNB1;EIF2S1;EIF3I;THOC7;EIF2S2;PHAX;EIF4EBP1;EIF3A;UBE2I;EIF3F;MAGOH;GEMIN2;POP4;EIF3H;SUMO1;STRAP;NUP37;CLNS1A;EIF2S3;PAIP1;NUP93
prerank,Type II diabetes mellitus,-0.27941664264636135,-0.8895957600416514,0.6244979919678715,0.7784141300263059,1.0,8/21,22.86%,IRS2;SOCS3;PIK3R1;INSR;SOCS4;PIK3CB;SOCS1;TNF
prerank,Mitophagy,-0.2252953491225692,-0.8848718431663741,0.6818181818181818,0.7789893604882034,1.0,6/51,8.11%,JUN;FOXO3;RHOT2;GABARAPL1;CITED2;USP15
prerank,Viral protein interaction with cytokine and cytokine receptor,-0.2697870219541498,-0.884114487812119,0.630801687763713,0.7704313724606847,1.0,6/25,8.66%,IL6ST;CXCL3;CXCR4;CXCL2;TNFRSF10D;CCL4
prerank,Relaxin signaling pathway,0.21133814134207687,0.8822727986582485,0.705765407554672,0.8109891134177644,1.0,16/68,16.51%,GNG5;GNAI2;GNB1;KRAS;GNB2;MAPK1;MAPK9;TGFB1;MAP2K2;GNB4;NRAS;GNAS;AKT1;SMAD2;GNAI3;ARRB2
prerank,C-type lectin receptor signaling pathway,-0.20925962043487206,-0.8772041861022163,0.706,0.7761730363412784,1.0,25/70,26.88%,JUN;PTGS2;NFKBIA;PLK3;IL12A;RAF1;MAPKAPK2;PIK3R1;PLCG2;IRF9;ITPR1;AKT2;IRF1;AKT3;NLRP3;NFATC1;PIK3CB;TNF;MDM2;NFKB2;MAPK14;NFATC3;SYK;BCL3;CHUK
prerank,RNA polymerase,0.2624598310207691,0.8689176401460038,0.6628352490421456,0.8349749199404961,1.0,6/26,14.70%,POLR3K;POLR2L;POLR2G;POLR1D;POLR3GL;POLR2E
prerank,Vasopressin-regulated water reabsorption,0.24556356510289762,0.862333845595639,0.6910229645093946,0.8445951097522855,1.0,10/33,20.91%,RAB5C;DYNLL1;DCTN2;ARHGDIB;DYNC1LI1;RAB11A;GNAS;DYNC2LI1;DYNC1I2;DCTN1
prerank,PI3K-Akt signaling pathway,0.18252241049564197,0.8585346666355528,0.8096234309623431,0.8469315079801799,1.0,33/147,21.99%,YWHAB;GNG5;IL3RA;GNB1;YWHAH;EIF4E2;RAC1;IL2RA;KRAS;YWHAE;GNB2;IL2RG;MAPK1;EIF4EBP1;MYC;PPP2CB;MAP2K2;GNB4;NRAS;AKT1;CSF1R;PPP2R5A;IFNAR1;YWHAQ;YWHAG;HRAS;ITGB7;ITGB1;PPP2R1A;PIK3CA;PKN1;JAK1;IKBKG
prerank,GnRH signaling pathway,-0.22240385898335088,-0.8579478767461193,0.7306122448979592,0.8072548518083887,1.0,8/48,14.04%,JUN;EGR1;RAF1;MAP3K3;MAP3K4;ITPR1;PLCB1;MAP2K7
prerank,Chronic myeloid leukemia,0.2112973566408954,0.8474405084551169,0.7504990019960079,0.865455365426487,1.0,20/59,25.75%,BAX;HDAC1;KRAS;MAPK1;MYC;TGFB1;MAP2K2;NRAS;AKT1;BAK1;HDAC2;HRAS;SMAD3;PTPN11;PIK3CA;IKBKG;TGFBR1;DDB2;CTBP2;STAT5A
prerank,Arrhythmogenic right ventricular cardiomyopathy,0.26749462746633146,0.8464053581934794,0.6964285714285714,0.8617457763913592,1.0,6/21,19.63%,ACTG1;CACNA2D4;JUP;LMNA;ITGB7;ITGB1
prerank,Gastric cancer,-0.20802123424693736,-0.8355804211532493,0.788135593220339,0.8413060445754922,1.0,21/59,28.59%,GADD45B;TCF7;BRAF;RAF1;TCF7L2;PIK3R1;AKT2;FRAT1;RXRB;AKT3;GADD45A;CTNNB1;PIK3CB;DVL2;BCL2;E2F3;FGF18;SOS2;RXRA;TGFBR2;FRAT2
prerank,Lysine degradation,-0.22791458544537657,-0.835264697048219,0.7411273486430062,0.8315362452904731,1.0,11/37,20.47%,KMT2E;ASH1L;EHMT2;KMT2B;KMT2C;NSD1;EHMT1;KMT2D;EZH2;SETD2;DOT1L
prerank,Amoebiasis,0.22104803426894232,0.814112363012765,0.7853107344632768,0.9196528125652318,1.0,15/37,31.24%,RAB5C;VCL;TGFB1;GNAS;ACTN4;ITGB2;RAB7A;GNA15;PIK3CA;PRDX1;LAMA5;CASP3;RAB5B;PRKCB;SERPINB6
prerank,Mismatch repair,-0.2596966629928351,-0.8135348793136173,0.7325349301397206,0.8598243124049487,1.0,6/19,21.60%,LIG1;RFC1;MSH3;POLD1;MLH3;POLD2
prerank,Autophagy,0.17900668244117704,0.8113690603113932,0.8785578747628083,0.9182563445331045,1.0,26/107,22.16%,VAMP8;RRAGC;SH3GLB1;SNAP29;KRAS;EIF2S1;WDR41;MAPK1;PPP2CB;RRAGA;MAPK9;MAP2K2;RAB8A;NRAS;AKT1;PRKCD;BECN1;LAMP2;HRAS;ATG4C;GABARAPL2;RAB7A;WIPI2;NRBF2;PIK3CA;RAB1A
prerank,Fructose and mannose metabolism,0.2822221577197776,0.8097189361591478,0.7426900584795322,0.9152108001230059,1.0,4/15,20.13%,PFKP;HK1;SORD;GMDS
prerank,Insulin signaling pathway,0.18465049710972453,0.805472563373432,0.8555133079847909,0.9161369227350517,1.0,18/89,19.33%,PPP1CA;EIF4E2;KRAS;MAPK1;EIF4EBP1;CALM2;MAPK9;MAP2K2;HK1;CALM1;NRAS;AKT1;CALM3;PPP1CC;PRKAR2A;FLOT2;HRAS;PRKCI
prerank,ECM-receptor interaction,0.2723955915958387,0.7932941894227155,0.7287784679089027,0.9302254074102907,1.0,4/16,19.63%,CD36;CD47;ITGB7;ITGB1
prerank,Protein processing in endoplasmic reticulum,0.16899048850640042,0.7882753709116275,0.9353535353535354,0.9322357681219826,1.0,21/129,16.67%,RBX1;CAPN1;BAX;SEC61B;EIF2S1;DAD1;SEC61G;TRAM1;SSR3;MAPK9;DDOST;BCAP31;UBE2J1;UBE2D2;EDEM2;CAPN2;BAK1;EIF2AK1;DNAJA2;RPN1;UBE2J2
prerank,Neuroactive ligand-receptor interaction,0.2158839267439468,0.7864011603680993,0.8292682926829268,0.9289176426391562,1.0,4/33,6.40%,TSPO;TBXA2R;S1PR4;CYSLTR1
prerank,Aldosterone-regulated sodium reabsorption,0.26838746672812974,0.7826992253967913,0.7432712215320911,0.9289955628836608,1.0,3/15,6.47%,KRAS;MAPK1;SLC9A3R2
prerank,Mineral absorption,0.252046421390888,0.7823130111777086,0.786692759295499,0.9235306686873106,1.0,5/19,16.12%,ATOX1;HMOX2;MT2A;SLC39A4;SLC30A1
prerank,Antigen processing and presentation,0.23998050607959914,0.7809558708869424,0.7568627450980392,0.9195801293932007,1.0,6/23,26.92%,RFXANK;PSME2;PSME1;RFXAP;TAP1;CANX
prerank,Melanoma,0.21906482014694204,0.7739418723366287,0.8187134502923976,0.9239896382408017,1.0,7/33,14.05%,BAX;KRAS;MAPK1;MAP2K2;NRAS;AKT1;BAK1
prerank,N-Glycan biosynthesis,0.21062120084918784,0.7722577559667281,0.8466386554621849,0.9203304587676746,1.0,11/37,26.28%,DAD1;ALG2;DDOST;SRD5A3;MGAT4B;RPN1;STT3A;MGAT2;DPM3;DPM2;RPN2
prerank,Glycosylphosphatidylinositol (GPI)-anchor biosynthesis,0.2548049908583035,0.7707007589832214,0.7947154471544715,0.9167494224567129,1.0,7/18,26.77%,PIGC;PIGS;PIGP;PIGT;PIGK;DPM2;PIGN
prerank,Various types of N-glycan biosynthesis,0.23278979860741247,0.7687991188012672,0.8048780487804879,0.9135509936993168,1.0,9/27,26.28%,DAD1;ALG2;DDOST;MGAT4B;RPN1;STT3A;MGAT2;HEXA;RPN2
prerank,Ether lipid metabolism,-0.25919568415890143,-0.758499753245687,0.7996031746031746,0.9323259563272602,1.0,16/16,74.14%,PLA2G6;PLA2G12A;CHPT1;PLD4;CEPT1;LPCAT1;AGPS;PAFAH1B2;LPCAT2;PAFAH1B1;PLD3;PLA2G4A;LPCAT4;PLD1;PAFAH1B3;GDPD1
prerank,Glycerolipid metabolism,0.22364060390327742,0.7511884322839341,0.8407766990291262,0.9303941620570039,1.0,25/25,77.70%,AGPAT2;AGPAT3;AKR1A1;ALDH2;ALDH9A1;AKR1B1;MGLL;AGPAT4;MBOAT1;AGPAT1;LCLAT1;DGKE;MBOAT2;DGKA;AGK;PNPLA2;LPIN2;GLA;AGPAT5;DGKD;DGKG;DGAT1;LPIN1;DGKZ;GK
prerank,Glycerophospholipid metabolism,0.19570255316767304,0.7506313821711024,0.8910505836575876,0.9253859772223261,1.0,19/50,38.17%,LYPLA1;MBOAT7;PCYT2;AGPAT2;CDS2;PLA2G15;AGPAT3;PTDSS1;PLD1;LYPLA2;ADPRM;LPCAT4;PEMT;LPCAT3;PLA2G4A;GNPAT;PLD3;PCYT1A;CDIPT
prerank,AMPK signaling pathway,-0.16811111206066495,-0.7170340454747957,0.9447852760736196,0.9663804816003237,1.0,28/75,30.80%,FOXO3;IRS2;SIRT1;PFKFB3;ULK1;PIK3R1;INSR;CRTC2;SREBF1;FOXO1;PRKAG2;AKT2;PPP2R2A;AKT3;ADIPOR2;CREB5;PRKAG1;PIK3CB;CREB3L2;PPP2R1B;PPP2R2D;PDPK1;TSC1;AKT1S1;PPP2R5C;TSC2;RPTOR;STRADA
prerank,Salivary secretion,-0.20437021138344766,-0.7082917529411741,0.902,0.9625123069781203,1.0,9/29,25.00%,ATP1A1;LYZ;ITPR1;PLCB1;PLCB2;ATP1B1;VAMP2;BST1;ADRB2
prerank,Base excision repair,0.2025307066136649,0.6905772902683018,0.9017013232514177,0.9761332317003436,1.0,3/27,6.56%,MPG;PARP1;APEX1
prerank,Cell adhesion molecules,0.19692940791763863,0.6884073805988676,0.91015625,0.971780492194646,1.0,6/31,19.63%,CD99;SELPLG;ITGB2;F11R;ITGB7;ITGB1
prerank,Glycosphingolipid biosynthesis,0.21254990615293015,0.6812997950764306,0.9203354297693921,0.9710016271063256,1.0,8/23,29.06%,GLB1;FUT7;B3GALT4;ST6GALNAC4;HEXA;ST6GALNAC6;ST3GAL4;SLC33A1
prerank,Toxoplasmosis,0.16162346864314536,0.6621419826068674,0.9729206963249516,0.9764876958546406,1.0,25/63,32.33%,GNAI2;TNFRSF1A;MAPK1;MYD88;MAPK9;TGFB1;IFNGR2;AKT1;GNAI3;IL10RB;ITGB1;IRAK1;IFNGR1;JAK1;IKBKG;MAP3K7;LAMA5;CASP3;MAP2K3;MAPK12;IRAK4;PPIF;MAPK3;BAD;STAT1
prerank,Other types of O-glycan biosynthesis,0.19158425248658825,0.6480056273844168,0.9455909943714822,0.9778657420165056,1.0,15/26,44.47%,GALNT1;C1GALT1C1;MFNG;GXYLT1;LFNG;GALNT7;XXYLT1;GALNT11;PLOD3;GALNT4;GALNT6;GALNT2;B4GALT1;B4GALT3;POFUT1
prerank,African trypanosomiasis,-0.21062272814681893,-0.6399867765424078,0.925531914893617,0.9933909199266688,1.0,8/17,37.96%,IL12A;PLCB1;PLCB2;TNF;HBB;ICAM1;HBA1;HBA2
prerank,Nucleotide excision repair,0.17422365425828737,0.6340152081950543,0.9673469387755103,0.9782381211187234,1.0,12/39,25.27%,RBX1;CETN2;RPA3;CUL4A;GTF2H5;GTF2H3;RPA1;ERCC4;RPA2;ERCC1;CUL4B;DDB2
prerank,Aminoacyl-tRNA biosynthesis,0.21735499544062933,0.6262843508069563,0.9362549800796812,0.9753657774151984,1.0,6/16,36.75%,IARS2;FARSA;FARS2;FARSB;GATC;TARS2
prerank,Sphingolipid metabolism,-0.16750653858761422,-0.5791078920843853,0.9758064516129032,0.9995484436257286,1.0,2/27,7.51%,NEU1;SMPD4
prerank,Pyrimidine metabolism,-0.1465374860956435,-0.5395878849590634,0.9917184265010351,0.9942605309008916,1.0,6/38,20.50%,DPYD;AK9;ENTPD4;TK2;ENTPD6;NT5C2
