baseMean,log2FoldChange,lfcSE,stat,pvalue,padj,gene
3.932494735,2.232847035,0.600407357,3.718886869,0.000200103,0.004996313,IL2RA
9.005308986,1.889048174,0.512377207,3.686831009,0.000227064,0.005497702,CCL5
9.913551328,1.757996566,0.548630072,3.204338688,0.001353731,0.022074108,CD96
4.837024477,1.659510102,0.572220374,2.900124111,0.003730149,0.043194048,LY86
4.072643333,1.629474286,0.505101877,3.226030946,0.001255198,0.021802241,SUCNR1
2.625297449,1.615765569,0.582341132,2.774603203,0.00552691,0.052571437,CSF1R
4.841372578,1.573891631,0.408992729,3.848214209,0.000118982,0.003802665,ITGAX
27.51073043,1.226516927,0.307578526,3.987654616,6.67E-05,0.002318132,CD9
5.16348757,1.225208682,0.589786449,2.077376792,0.037766796,0.190810129,C3AR1
2.798347919,1.219791325,0.379082507,3.217746275,0.001292021,0.02181058,TBXA2R
3.722564555,1.091855799,0.663639168,1.64525521,0.099917192,0.336851632,RXFP1
9.290201903,1.079392011,0.445239191,2.424296945,0.015338058,0.111410077,TNFRSF4
14.25978636,1.028476654,0.316656757,3.247922654,0.001162509,0.021110101,IL1RAP
3.617575839,1.026178719,0.448167501,2.289721404,0.022037472,0.143153984,TNFRSF18
45.76934185,1.024692963,0.219936913,4.659031299,3.18E-06,0.000211536,PLP2
3.438366386,1.010422541,0.329356033,3.067873178,0.002155881,0.031323806,CALHM2
3.855047233,1.008164154,0.348954146,2.889102095,0.003863436,0.04408846,KCNE3
2.702916128,0.962316066,0.405167346,2.375107655,0.017543833,0.120840708,MILR1
3.278272461,0.955850692,0.42167709,2.266783555,0.023403451,0.14959486,ECE1
14.45725653,0.951116713,0.19592206,4.854566718,1.21E-06,8.76E-05,IL3RA
1.504192566,0.879370068,0.554073576,1.587099813,0.11249004,0.360962017,GGT5
30.00963024,0.875796036,0.633760924,1.381902864,0.167001529,0.43148073,MPO
77.22379738,0.86689403,0.238780929,3.630499446,0.000282873,0.006347303,HCST
12.27984494,0.844653725,0.388954379,2.171601019,0.02988577,0.165682501,CLEC12A
2.633458656,0.826710438,0.342260276,2.415443733,0.01571605,0.111668174,HYAL2
15.79222516,0.818516865,0.42905177,1.907734502,0.05642554,0.241090944,LTB
9.065878895,0.794214462,0.272881809,2.910470528,0.00360885,0.042403988,CD68
6.676488697,0.778860703,0.377656271,2.062353426,0.0391741,0.193753491,APOBR
16.58457703,0.768717699,0.279533561,2.750001459,0.0059595,0.053501578,TSPAN2
6.211258659,0.752754053,0.542363761,1.387913625,0.165163348,0.428459466,PDGFA
3.295171064,0.747553381,0.467580876,1.598768081,0.109872144,0.355416368,ITGB7
10.53538654,0.745917042,0.344281008,2.166593639,0.030265853,0.165682501,CD33
23.79755096,0.732693557,0.234459346,3.125034554,0.001777842,0.027138191,IL2RG
143.0173017,0.724121324,0.207380277,3.491755986,0.000479856,0.010362305,EMP3
10.942886,0.721943173,0.282673795,2.553979838,0.010649942,0.084250534,SELPLG
2.964739328,0.720256171,0.522800577,1.377688172,0.168299585,0.43148073,NRG4
268.5704532,0.690475127,0.164501647,4.197375164,2.70E-05,0.001135532,CD99
8.578189264,0.685836833,0.438156762,1.565277301,0.117517903,0.371025007,CD7
34.92375329,0.66299856,0.236395334,2.804617796,0.005037628,0.048494753,EMB
7.565420353,0.650152503,0.298933541,2.17490651,0.029637123,0.165682501,TNFRSF1B
7.654389732,0.634595154,0.325006359,1.952562268,0.050871486,0.225812873,TSPAN4
4.759943264,0.631180546,0.284820754,2.216062339,0.026687233,0.160411348,SLC43A2
3.414760171,0.627360714,0.199205138,3.149319953,0.001636509,0.025638643,MFSD5
2.743037117,0.624824409,0.317800629,1.966089274,0.049288299,0.222493509,FAS
23.81757033,0.619060377,0.202842847,3.051921153,0.002273818,0.031323806,S1PR4
10.15100373,0.598724683,0.322538241,1.856290536,0.063412157,0.259647331,LTC4S
28.16205761,0.57223305,0.217194623,2.634655691,0.008422267,0.070002319,ITGB2
132.6154005,0.569563112,0.306567322,1.857872874,0.063187069,0.259647331,LMNA
63.83307376,0.567158301,0.234796452,2.415531817,0.01571225,0.111668174,LY6E
4.546122883,0.560618762,0.334614758,1.675415531,0.093852732,0.327459967,SLC30A1
3.356799033,0.558670048,0.277752857,2.011392625,0.044284002,0.205714636,TMEM8A
6.878471218,0.557847567,0.823241264,0.677623427,0.498010488,0.74268263,ELANE
4.871532256,0.55530033,0.233419312,2.378981949,0.017360526,0.120680938,SLC12A7
3.962953804,0.55422045,0.388670029,1.425940796,0.153885432,0.411218931,KLRG1
4.556860752,0.551380827,0.41462943,1.329815943,0.183578922,0.448561341,HAVCR2
4.559746593,0.546532713,0.368752838,1.482111206,0.138310707,0.396094105,TIE1
8.464470312,0.544431904,0.231314413,2.353644537,0.018590379,0.124821116,TSPAN14
5.005447445,0.542293757,0.245504672,2.20889384,0.027182026,0.1620779,SUSD1
104.8707293,0.536829142,0.128838456,4.166684072,3.09E-05,0.001234704,CD63
3.090116554,0.535954445,0.408091963,1.313317815,0.189075878,0.45503502,IL13RA1
13.14138509,0.535758555,0.2019641,2.652741529,0.007984098,0.067150469,CYSLTR1
48.06301131,0.534455709,0.188733358,2.831803108,0.004628634,0.046228483,EZR
8.385351928,0.532457867,0.720316018,0.73920037,0.459785336,0.713321054,DSC2
5.857675845,0.531549097,0.205895396,2.581646348,0.009833029,0.079359497,FURIN
4.242053606,0.527695501,0.463144837,1.139374682,0.254546911,0.524328352,SLITRK4
4.714733443,0.525889252,0.34915164,1.506191557,0.132018006,0.390675507,UNC93B1
6.08324451,0.524178965,0.214500381,2.443720443,0.014536686,0.108549644,NR1H3
8.289460989,0.522954241,0.291055594,1.796750351,0.072375262,0.276005761,ANPEP
5.77145902,0.521148621,0.315153953,1.653631869,0.098202333,0.333966416,NR6A1
7.593793263,0.519108818,0.430772176,1.205065802,0.2281779,0.507721901,HGF
2.416971375,0.516785158,0.251782724,2.05250444,0.040120664,0.195465918,C12orf49
4.521752181,0.508792069,0.216111935,2.354298797,0.018557687,0.124821116,SLC35A5
4.703840717,0.508372039,0.240273644,2.115804429,0.034361444,0.18303196,MOSPD2
10.68897361,0.508336888,0.269331131,1.887404868,0.059105891,0.247254486,SLC16A3
35.40859741,0.508171122,0.231816772,2.192124054,0.02837055,0.164360632,FLNA
7.401103218,0.500856269,0.262246916,1.90986524,0.056150567,0.241090944,SLC39A4
9.11950498,0.499604537,0.176357767,2.832903511,0.004612731,0.046228483,TMEM87B
2.495346683,0.497995036,0.310865843,1.601961254,0.109164178,0.355203025,GPR146
236.1874529,0.4889977,0.130120506,3.758037188,0.000171251,0.004718272,PFN1
16.01166676,0.484365195,0.208763817,2.320158745,0.020332291,0.135379174,IL6R
5.641629222,0.481175317,0.234156509,2.054930347,0.039885733,0.195465918,SLC15A4
5.631443148,0.479290149,0.32569017,1.471613799,0.141125197,0.399197514,VANGL1
3.059532211,0.479092593,0.603182882,0.794274187,0.427035828,0.694686535,PIEZO2
6.367221257,0.475891526,0.166931358,2.850821638,0.004360642,0.044942279,CLPTM1
3.134162632,0.475532282,0.324433204,1.465732473,0.142721184,0.399905047,RHBDF2
10.32686601,0.473723325,0.226114574,2.095058789,0.036165767,0.188831044,CBR1
3.154495449,0.471443467,0.403213295,1.169216079,0.242316585,0.521167526,TNFRSF25
3.661408199,0.469600892,0.318456428,1.474615836,0.140315855,0.399197514,IL4R
6.875974325,0.460721549,0.16714718,2.756382421,0.005844462,0.053065059,GLB1
1.801618015,0.458789112,0.399395216,1.148709584,0.250675753,0.523725268,IL17RE
3.286186518,0.455918605,0.43708652,1.043085485,0.296908703,0.56889701,ANGPT2
4.64680848,0.452830929,0.409872208,1.104810037,0.26924191,0.543243148,CSF2RA
2.302113294,0.436731944,0.270346282,1.615453859,0.106212445,0.349233512,IL15RA
8.587131263,0.435238705,0.225363902,1.931270719,0.053449582,0.232099002,LRRC8C
4.670802565,0.432922668,0.206952706,2.091891795,0.036448196,0.188831044,SLC10A3
16.70264037,0.431359236,0.172068653,2.506901916,0.01217945,0.09357097,IFNGR1
5.234198345,0.429940927,0.385387025,1.115608205,0.264589878,0.535208387,TLR2
26.58250307,0.429533782,0.131371158,3.269620124,0.00107692,0.020010676,TNFRSF1A
4.983629854,0.426849182,0.318452762,1.340384613,0.180120336,0.447059771,ATP11A
12.17248733,0.421935918,0.187516056,2.250132216,0.024440554,0.153319178,SLC6A6
5.933912156,0.421473948,0.276423196,1.524741606,0.12732356,0.385642203,EPDR1
7.57134809,0.416566793,0.279190611,1.492051585,0.135685623,0.391825933,SPNS2
32.52684047,0.415970877,0.138616687,3.000871591,0.002692081,0.034693104,GNPTAB
4.527630383,0.415013828,0.204459749,2.029806989,0.042376162,0.199167962,OSTM1
6.290138947,0.413498914,0.194161498,2.129664827,0.033199295,0.178028433,SLC33A1
7.888092412,0.410189423,0.16850593,2.434272924,0.014921739,0.109380455,RNFT1
10.27270876,0.402765247,0.195403506,2.061197655,0.039284187,0.193753491,SPPL2A
10.23835268,0.3995572,0.193182794,2.068285645,0.038613171,0.192824522,LRP10
16.02833752,0.399118811,0.133817998,2.98254955,0.002858584,0.036254101,TMEM30A
9.694053868,0.397951741,0.23345422,1.70462432,0.088264513,0.316248186,GXYLT1
24.89261029,0.396808142,0.148441925,2.673154103,0.007514172,0.063870465,CLTC
7.040473598,0.393746661,0.156905642,2.509448704,0.012091978,0.09357097,SLC52A2
8.559686956,0.387824153,0.243204501,1.594642167,0.110792277,0.3569477,SCARF1
15.0940293,0.385346374,0.184426757,2.089427699,0.03666924,0.188831044,TMCO3
4.889096288,0.38035152,0.171650377,2.21585019,0.026701764,0.160411348,DNASE1L1
11.59532863,0.378978429,0.421910639,0.898243359,0.369055822,0.647723498,LGALS3BP
4.075538406,0.3773208,0.24815649,1.520495394,0.128386516,0.385642203,PLTP
7.014403299,0.373993241,0.194832578,1.919562139,0.05491323,0.237165789,CLPTM1L
16.76911054,0.373008524,0.18718561,1.992720082,0.046292107,0.212571228,IFNGR2
9.036559233,0.36906501,0.228242182,1.616988615,0.105880738,0.349233512,MGAT4B
3.157185854,0.368867393,0.385815609,0.956071719,0.339036002,0.615658558,GPR132
2.818246435,0.367074904,0.327236304,1.121742605,0.261971896,0.531257728,LRFN4
10.82694136,0.360613138,0.195977082,1.840078108,0.065756771,0.260097326,LIPA
6.339065721,0.357675153,0.239814693,1.491464714,0.135839529,0.391825933,IL10RB
149.0882307,0.356926394,0.301144379,1.185233457,0.235925155,0.515038795,CD52
4.094928027,0.351711574,0.372157797,0.945060338,0.344628072,0.622291625,AMN
10.46305147,0.346040856,0.307377617,1.125784173,0.260256885,0.529122777,EMILIN2
29.60079032,0.343626643,0.157369022,2.183572339,0.028993688,0.165471119,GALNT1
7.872220389,0.343108978,0.237328873,1.445711068,0.148258259,0.403676868,ST3GAL4
4.186794388,0.343034598,0.236857709,1.448272884,0.147540748,0.403676868,TTYH3
12.43489621,0.338411076,0.154791586,2.186236886,0.028798279,0.165471119,PSENEN
5.802318369,0.33286342,0.273770053,1.21585037,0.224041927,0.502835673,SLC7A6
5.097777034,0.332100828,0.222556955,1.492206021,0.135645145,0.391825933,PNPLA6
11.61783078,0.32686728,0.274826223,1.189359865,0.234298087,0.514119271,CD79B
15.59654397,0.324411955,0.244628918,1.326139028,0.184793651,0.44878458,ADAM8
3.899375546,0.323133407,0.223573836,1.445309579,0.148370948,0.403676868,ATRN
3.044526402,0.322522945,0.303095031,1.064098425,0.287284114,0.560630268,SLC29A1
31.19970747,0.319236858,0.13035183,2.449040097,0.01432375,0.108313559,TM9SF2
10.45491123,0.318185805,0.295027033,1.078497119,0.280811967,0.551376563,IL17RA
5.696380892,0.31788826,0.174590278,1.820767244,0.068642246,0.268848795,HS2ST1
8.119262393,0.317821398,0.238537777,1.332373435,0.182737507,0.447875055,ADCY7
3.310445997,0.317537832,0.416078672,0.763167769,0.445363348,0.701055352,SLC2A6
4.885733303,0.315411779,0.299434293,1.053358905,0.292176531,0.565251934,SEL1L3
26.60370161,0.312414873,0.139219534,2.244044807,0.024829519,0.153789034,RAB5C
7.719424901,0.30835609,0.172389169,1.788720784,0.073659794,0.278929741,PIGS
4.958171939,0.306228649,0.215115905,1.423551868,0.154576237,0.411688046,FAM20B
4.197363705,0.304828901,0.372579904,0.81815712,0.413267476,0.688096321,SEMA4A
7.792026684,0.304631284,0.26459966,1.15129129,0.249612419,0.523725268,PDGFC
9.17133759,0.296694209,0.229646128,1.291962602,0.196370096,0.464674174,TRPV2
7.352175741,0.295611907,0.203408672,1.453290584,0.14614309,0.403676868,SLC43A3
8.020541873,0.29324398,0.209740336,1.398128686,0.162074427,0.425978511,TGFBR1
10.7771898,0.289451602,0.186269741,1.553937858,0.12019924,0.371025007,RYK
6.305166263,0.287520581,0.231620429,1.241343788,0.214478775,0.486842447,TMEM156
3.145730809,0.285024325,0.406571957,0.701042756,0.483276333,0.731321572,CSF2RB
13.00298246,0.28388348,0.161437515,1.758472808,0.078667094,0.289654416,F11R
5.253190561,0.279283841,0.25719282,1.085892839,0.277526406,0.551128232,OPN3
9.621540561,0.277965542,0.146474033,1.897712086,0.05773402,0.244071331,NCSTN
67.86473534,0.277174754,0.171542019,1.615783445,0.106141142,0.349233512,ITM2C
7.622380424,0.275245049,0.201290021,1.367405336,0.171498291,0.434002404,IMPAD1
39.29212622,0.274717133,0.174955069,1.570215339,0.116365022,0.368951003,SLC38A1
7.467836477,0.271051627,0.232379722,1.166416867,0.243445942,0.521167526,B4GALT5
2.669352637,0.270730742,0.350337889,0.772770375,0.439658289,0.697521538,SVOPL
7.525332371,0.270127734,0.176082956,1.534093588,0.125006631,0.381222511,SRD5A3
13.74421641,0.269277301,0.191369224,1.407108707,0.159395157,0.421857545,SLC12A6
97.61990928,0.26759869,0.089165283,3.001153374,0.002689591,0.034693104,RTN4
14.40436637,0.267506637,0.26300225,1.017126801,0.309093112,0.585226059,CD151
62.5342663,0.266644576,0.137947089,1.932948198,0.05324258,0.232099002,CD47
6.568744722,0.260453444,0.199850895,1.303238816,0.192493242,0.459110747,MR1
7.647038424,0.259686109,0.177416388,1.463709816,0.143273252,0.399905047,SLC39A6
20.54302545,0.256261111,0.117648535,2.178192108,0.029391737,0.165682501,TMEM179B
46.81721624,0.252967791,0.147429262,1.715858769,0.086187895,0.311602389,CD53
6.145634711,0.251574541,0.44376188,0.566913367,0.570773042,0.782242986,CPVL
14.89896853,0.250235885,0.161000616,1.554254207,0.120123792,0.371025007,SEL1L
3.441208358,0.248795976,0.235953947,1.054425998,0.291687925,0.565251934,GALNS
10.26584694,0.247315159,0.177751452,1.3913538,0.164118167,0.427134904,CALU
4.246125871,0.247080586,0.217951803,1.133647819,0.256942306,0.526402314,SLC17A5
15.71695981,0.246567043,0.237896611,1.036446217,0.299994019,0.572064966,TNFSF13B
9.333786809,0.245572591,0.193758417,1.267416379,0.205006446,0.476700328,CD244
2.097432512,0.244966636,0.273876061,0.894443402,0.371084699,0.647723498,CTNS
11.97368358,0.244593052,0.599580329,0.407940421,0.683317416,0.858264624,SCN9A
17.78093917,0.242545697,0.297426357,0.815481517,0.41479674,0.688096321,CD38
19.4275856,0.239774866,0.171193958,1.400603554,0.161332658,0.425428361,ITGA5
33.76144277,0.235353332,0.156017788,1.508503195,0.13142579,0.390368795,ACTN4
9.709806595,0.233467537,0.199902222,1.167908669,0.242843607,0.521167526,LY75
209.3492073,0.230094114,0.103441401,2.224390923,0.026122154,0.160411348,ENO1
5.316949151,0.229298229,0.247215709,0.927522887,0.353655114,0.630737581,MINPP1
3.317375658,0.22922808,0.296962356,0.771909555,0.440167998,0.697521538,ACP2
7.025073263,0.228807918,0.173536535,1.31849998,0.187336332,0.452210662,GLT8D1
2.926513558,0.225318715,0.327970716,0.687008638,0.492077285,0.739040885,ADAMTSL4
1.962210659,0.223404361,0.249612691,0.895004015,0.370784941,0.647723498,APLF
2.592825943,0.223349506,0.30492219,0.732480327,0.463875446,0.716898416,ZDHHC23
14.39580265,0.221651902,0.192706248,1.150206103,0.250058993,0.523725268,IL27RA
50.59848652,0.220314034,0.15257601,1.443962483,0.148749529,0.403676868,RNF130
6.818883085,0.220101841,0.344814844,0.638318927,0.523266094,0.749837837,ITGAL
34.62670491,0.217523601,0.121135803,1.795700325,0.07254219,0.276005761,SSR3
3.526262761,0.217129451,0.421641282,0.514962507,0.60657922,0.807087679,CD4
10.31939129,0.216391146,0.178776814,1.210398273,0.226126104,0.504678093,STT3A
14.23420484,0.216323586,0.156717923,1.380337246,0.167482832,0.43148073,SCARB2
9.247181608,0.215289556,0.195626945,1.100510752,0.271109648,0.545633775,SHMT2
47.7946304,0.212470313,0.129592239,1.639529606,0.10110301,0.337997092,MYH9
8.109508255,0.21225957,0.459410388,0.462026058,0.644062634,0.831682812,NPW
2.364981717,0.21109322,0.432406717,0.488182102,0.625420861,0.823247558,SULF2
18.84097454,0.209228215,0.129894737,1.610752065,0.107233773,0.351146657,HEXA
19.91571327,0.207934318,0.174676736,1.190395025,0.233891167,0.514119271,GRN
5.209287258,0.206109305,0.194136383,1.061672736,0.288384281,0.560630268,SUMF1
31.64462921,0.204527851,0.101210678,2.020812973,0.043299129,0.202315815,TMEM219
6.326365866,0.204317538,0.211629507,0.965449197,0.33431987,0.608477394,MFSD8
36.44798425,0.204167547,0.216015503,0.945152285,0.344581136,0.622291625,ADAM17
21.35235421,0.203628861,0.185333321,1.098716948,0.271891548,0.545832529,FDX1
4.400160446,0.201895155,0.185794978,1.08665561,0.277189039,0.551128232,TM9SF1
13.14885775,0.201501877,0.144652746,1.39300416,0.163618533,0.427134904,TMEM9B
15.82872778,0.200392327,0.496328241,0.403749597,0.686396864,0.858264624,LPAR6
2.689191252,0.193905837,0.286295395,0.677292896,0.498220137,0.74268263,GRIK5
22.15173072,0.190133022,0.145886792,1.303291544,0.192475247,0.459110747,TPP1
2.824309961,0.189832648,0.425192972,0.446462337,0.655263312,0.841728917,LILRB2
8.063393913,0.189515142,0.231076184,0.820141387,0.412135511,0.688096321,MPZL1
32.31584846,0.188403518,0.177331992,1.062433889,0.288038756,0.560630268,ANTXR2
11.48280286,0.187956717,0.17350125,1.08331621,0.278668092,0.551128232,TMX3
6.25657834,0.186362878,0.197359226,0.944282573,0.345025269,0.622291625,GALNT11
46.33474716,0.18584908,0.128518524,1.446087878,0.148152555,0.403676868,PTTG1IP
176.7663466,0.185665423,0.104433942,1.777826436,0.075432365,0.281637663,ITM2B
49.31300442,0.185211323,0.146207585,1.266769592,0.205237688,0.476700328,PHB2
14.59203655,0.1851851,0.214609896,0.862891711,0.388197008,0.659934914,CD58
22.30640318,0.184696282,0.29087443,0.634969125,0.525448552,0.749837837,CD84
13.0943013,0.183216364,0.195847823,0.935503703,0.349528776,0.626173748,SEMA4D
77.27392889,0.180082095,0.123145739,1.462349382,0.143645493,0.399905047,PPIB
32.73102326,0.179917735,0.115473968,1.558080479,0.119214172,0.371025007,M6PR
2.765718311,0.179503114,0.364536126,0.492415157,0.622425886,0.820657233,GPRC5C
19.31211175,0.179126588,0.137288333,1.304747347,0.191978893,0.459110747,ADAM10
27.68916042,0.178641875,0.11346179,1.574467277,0.115379461,0.367283623,HM13
2.841332658,0.177216051,0.275004063,0.644412481,0.519307993,0.749837837,LMBRD2
21.76344188,0.175143836,0.275873358,0.634870424,0.525512928,0.749837837,PLD3
35.65481636,0.174511894,0.121183127,1.440067594,0.149848276,0.403676868,ITGB1
31.10949846,0.173073583,0.137278481,1.260748098,0.207399619,0.480325494,LGALS9
7.351169269,0.169991654,0.19336232,0.879135365,0.379327884,0.651791354,TMEM181
2.801863855,0.169313137,0.25221978,0.671292066,0.502034488,0.743519028,SLC29A3
9.747783646,0.16831954,0.226850385,0.741984807,0.45809654,0.712099486,NAAA
5.252873468,0.167391992,0.247954748,0.675090891,0.49961802,0.743226822,SLC11A2
4.138565573,0.167389989,0.264290111,0.633356987,0.526500547,0.749864416,GPR180
8.84387541,0.166832085,0.21227507,0.785924062,0.431911977,0.695278424,ADAM15
13.58506859,0.164943368,0.146020871,1.129587622,0.258650029,0.528545712,IFNAR1
290.1460793,0.164551753,0.100165085,1.642805498,0.100423182,0.337134969,YBX1
13.81363796,0.163102686,0.1282563,1.271693372,0.203482086,0.476700328,LTBR
34.89077863,0.162317515,0.096472642,1.682523787,0.092467316,0.32546866,TMED9
9.123290655,0.162181325,0.180532217,0.898351154,0.368998369,0.647723498,NIPAL3
3.840469146,0.16183229,0.208580051,0.775876167,0.437822106,0.697521538,VSIG10
9.115452839,0.16105033,0.221576315,0.726839103,0.467324526,0.719445657,TMEM63A
7.597262356,0.160869,0.287531939,0.559482194,0.57583268,0.785027347,TSPAN13
11.56845184,0.159137028,0.147199265,1.081099342,0.279652926,0.551376563,ITFG1
4.818626705,0.157994073,0.234486047,0.673788802,0.500445595,0.743226822,GNS
2.258085217,0.155153,0.286897839,0.54079529,0.58864869,0.794815382,MBTPS2
19.24955031,0.152289451,0.145748021,1.044881776,0.296077613,0.568668301,PTPRA
3.490753903,0.150140287,0.527832474,0.284446854,0.776067957,0.907874521,PTAFR
5.894132672,0.148601854,0.186922652,0.794991151,0.42661865,0.694686535,PIGN
7.213171514,0.148566853,0.199307338,0.745415872,0.456020352,0.710253921,ATP11C
11.16359815,0.147619955,0.429466296,0.343728848,0.731050214,0.877040723,GPR183
14.98142342,0.14740838,0.190663078,0.773135425,0.439442238,0.697521538,APMAP
12.14783872,0.147067274,0.136573639,1.076834992,0.281553989,0.551376563,WDR13
67.67369547,0.145798486,0.1227331,1.18793126,0.234860493,0.514119271,VDAC2
619.1907732,0.144437054,0.241732538,0.597507705,0.550168464,0.769338084,CD74
16.31353859,0.142469233,0.141010946,1.010341659,0.312331629,0.588568329,CD302
34.28486228,0.142018821,0.104074395,1.364589445,0.172382124,0.434002404,RALY
53.93883414,0.137754949,0.219530881,0.62749691,0.530333561,0.753979565,ITM2A
12.72582885,0.134292469,0.221292341,0.606855475,0.543946829,0.763543869,SLC44A1
5.075160089,0.132465163,0.197545289,0.670555917,0.502503473,0.743519028,PLOD3
15.16279608,0.132241722,0.133826427,0.988158511,0.323075024,0.59794873,UBA1
9.900503489,0.131952259,0.18389789,0.717530032,0.473047113,0.720894071,TMEM106A
30.91546591,0.131260511,0.140848493,0.931926987,0.35137426,0.628071663,TM9SF3
3.331086559,0.130692316,0.333934196,0.391371466,0.695522681,0.861243932,PLXNA3
4.648570201,0.129892188,0.19662792,0.660598901,0.508869574,0.748967951,NAGPA
27.57678506,0.12948201,0.127237603,1.017639493,0.308849312,0.585226059,IDH2
43.03640536,0.128425294,0.131456047,0.97694474,0.32859651,0.602175715,BSG
19.8839154,0.125244787,0.154581991,0.8102159,0.417816101,0.688096321,RNF149
16.65275152,0.121774303,0.155066642,0.785303023,0.432275924,0.695278424,CLDND1
26.29353407,0.117819063,0.103422148,1.139205331,0.254617522,0.524328352,LAMP1
35.80064209,0.116681069,0.118682787,0.983133886,0.325541549,0.59794873,LAMP2
15.02246142,0.115654173,0.144115947,0.802507808,0.422259274,0.689949202,GMPS
98.54825437,0.114920778,0.085258513,1.347909715,0.177687423,0.443663285,PTGES3
2.548971102,0.113860108,0.291217948,0.390979021,0.695812743,0.861243932,NAGLU
10.44840849,0.112442098,0.295195474,0.380907255,0.703272069,0.863350604,UBASH3B
4.756238982,0.112400899,0.177058452,0.634823683,0.525543416,0.749837837,CASP7
6.53651869,0.111053156,0.239949095,0.46281965,0.643493645,0.831682812,MFSD12
22.79173784,0.109762311,0.143939707,0.762557553,0.445727307,0.701055352,GOLIM4
4.625427993,0.10765011,0.444924723,0.241951289,0.808817908,0.929226017,JAG1
18.05944526,0.107173457,0.166371147,0.644182954,0.519456803,0.749837837,PPT1
6.282915844,0.106771808,0.494519587,0.21591017,0.829057769,0.931669701,STAB1
6.864290738,0.106714703,0.35180286,0.303336655,0.761633315,0.896237141,PLAU
27.80949142,0.10346425,0.116637083,0.88706137,0.375045861,0.648125445,RPN1
38.68875619,0.101412721,0.167427241,0.605712188,0.544705889,0.763543869,CTSD
19.10938329,0.10085818,0.154450352,0.653013595,0.513747514,0.749837837,KIDINS220
5.94711692,0.100418925,0.173066631,0.580232738,0.561757679,0.773768251,SLC41A3
8.983365659,0.100274082,0.244261788,0.410518907,0.681425337,0.857415502,SLC26A2
11.27948644,0.0993102,0.324987572,0.305581531,0.759923285,0.895543812,SLC2A5
17.24222746,0.098691488,0.130264353,0.757624671,0.448675707,0.70196769,RNF13
28.78737857,0.098398962,0.109304604,0.900227056,0.367999431,0.647723498,SSR1
19.9680505,0.097774937,0.123417099,0.792231697,0.42822559,0.694686535,ATP6AP1
3.25798104,0.096678707,0.517152466,0.186944303,0.851704303,0.941286031,CLEC7A
2.491285101,0.094956177,0.339213818,0.279930156,0.779531091,0.909108701,THBS3
24.3483603,0.0948397,0.10098684,0.939129301,0.347664362,0.625012903,APH1A
9.147875916,0.094740657,0.524726616,0.180552414,0.85671891,0.943879352,MARCKS
5.957102652,0.093874512,0.252684754,0.371508412,0.710258892,0.867403502,DPEP2
5.212052705,0.093613673,0.428477296,0.218479892,0.827055224,0.931669701,CD79A
34.26932984,0.09161473,0.11857978,0.772599934,0.439759183,0.697521538,TMED2
4.041102893,0.091489212,0.249701683,0.366394053,0.714071057,0.867403502,MGAT5
42.03443979,0.091171671,0.110004137,0.828802194,0.407216346,0.682108723,UQCRC2
5.32090424,0.090296061,0.483167526,0.186883546,0.85175194,0.941286031,VNN1
9.696416308,0.090103136,0.204011206,0.441657778,0.658736867,0.843478777,NOTCH2
16.60043256,0.089936422,0.125520785,0.716506213,0.473678833,0.720894071,ACAA1
16.46857068,0.089156048,0.186652127,0.47765889,0.632893008,0.82492906,DMTF1
4.032122811,0.087058873,0.25548524,0.340758912,0.733285085,0.878402973,CLSTN3
95.97645698,0.086973388,0.13892243,0.626057199,0.531277424,0.753979861,SPN
6.189661947,0.085767038,0.221746748,0.386779239,0.698919648,0.861785184,EXTL2
4.213098632,0.085344111,0.234656724,0.363697699,0.716083762,0.868210813,CLCN6
9.594632983,0.084690024,0.353390116,0.239650233,0.810601419,0.929226017,NRXN2
20.00147846,0.082194804,0.153201792,0.536513331,0.591603825,0.794815382,ITGAE
6.242701101,0.082132936,0.159716804,0.514241047,0.607083473,0.807087679,OGFOD1
9.598747885,0.078539245,0.156859764,0.500697199,0.616584244,0.815647038,QSOX1
8.721117403,0.07323805,0.190420125,0.384612974,0.700524181,0.862432697,NPTN
7.920659862,0.069202972,0.237173536,0.291782016,0.770453296,0.902627835,HYOU1
11.95135306,0.067762962,0.281218563,0.240961908,0.80958464,0.929226017,SERPING1
15.06499986,0.067166999,0.456085001,0.147268599,0.882920017,0.956514718,TM4SF1
25.90109105,0.065320119,0.121465229,0.537768052,0.590737191,0.794815382,LRPAP1
32.30973237,0.065124285,0.175822519,0.370397862,0.711086067,0.867403502,AKR1C3
18.95128177,0.063789188,0.152459833,0.418399961,0.675654715,0.853011209,MYL6B
15.52702112,0.063365836,0.182516702,0.347178286,0.728457382,0.875244284,HGSNAT
206.2669057,0.05966849,0.183281569,0.325556413,0.744759995,0.885510768,CD44
15.02106992,0.059116652,0.130685957,0.452356575,0.651012125,0.837614634,ERGIC2
19.63487207,0.058364967,0.302598422,0.192879283,0.84705351,0.94065525,CALCRL
24.33701167,0.056746292,0.141765964,0.400281492,0.688949198,0.860110014,MFNG
7.097284664,0.056684824,0.184659058,0.306970178,0.758866072,0.895543812,NCLN
12.82465825,0.056104086,0.236977206,0.236748871,0.812851619,0.930470549,ACTN1
27.30591103,0.055883974,0.127868181,0.437043633,0.662079705,0.844724056,SERINC1
88.34079398,0.055634287,0.12167242,0.457246492,0.647493885,0.834431636,TMEM123
1.982959208,0.05517603,0.258002273,0.213858696,0.830657251,0.9321561,SMPD1
36.67426166,0.05331354,0.13711314,0.388828815,0.697402784,0.861243932,CREG1
39.60488565,0.053204999,0.120229491,0.442528691,0.658106674,0.843478777,ASAH1
31.59161427,0.053059029,0.098918544,0.536391127,0.591688263,0.794815382,ATP6AP2
11.13921697,0.052916212,0.166497111,0.317820599,0.750621024,0.889726242,IFNAR2
37.42442113,0.051410744,0.162450799,0.316469628,0.751646075,0.889726242,IL18
41.52591519,0.050976224,0.087073997,0.585435672,0.558254809,0.773274141,RPN2
2.842873962,0.050878166,0.308310052,0.16502273,0.868926092,0.951057462,BACE1
33.57819678,0.050863717,0.104943121,0.484678901,0.627904135,0.824063402,SERINC3
4.459540432,0.049418541,0.24743355,0.199724497,0.841696054,0.939266966,GAA
30.7093085,0.048066839,0.122034711,0.393878417,0.693670806,0.861243932,LMAN2
43.1288289,0.046684703,0.271892051,0.17170308,0.863670964,0.94790261,EMP1
2.256895659,0.042412844,0.266752886,0.158996757,0.873671429,0.953638623,NAGA
3.315220698,0.041956622,0.497070797,0.084407739,0.932732254,0.97679722,CTSG
5.832397176,0.041172388,0.255286887,0.1612789,0.871873741,0.952978275,BRI3BP
12.63459093,0.040145911,0.120557556,0.333002031,0.73913275,0.881443384,PIGT
2.723657922,0.037843577,0.262548192,0.144139546,0.885390278,0.956514718,MEGF8
12.95873813,0.036324604,0.156580344,0.231986995,0.816548114,0.930701774,GUSB
9.924211674,0.033498979,0.437016527,0.076653804,0.938898955,0.97679722,DMXL2
9.76640732,0.03299679,0.23997794,0.137499266,0.890636173,0.959054316,TCIRG1
37.96351772,0.032667026,0.109207102,0.299129135,0.764841517,0.898688783,METTL9
3.8373942,0.031463043,0.247581584,0.127081515,0.898875882,0.963480473,TMEM25
57.13775417,0.030254133,0.206771291,0.146316892,0.883671231,0.956514718,GLIPR1
35.37980025,0.029082611,0.140351911,0.207212075,0.835844237,0.935349504,TM7SF3
19.13424769,0.029051564,0.174092419,0.16687438,0.867468892,0.950764945,ICAM2
22.00265765,0.027527777,0.125725683,0.218951102,0.826688138,0.931669701,TMED4
9.322448238,0.027080378,0.339043017,0.079872986,0.936338276,0.97679722,CD200
6.744844548,0.023450466,0.193438971,0.121229274,0.903509437,0.963937306,SLC7A1
5.38400382,0.023010965,0.494281717,0.046554352,0.962868415,0.981608113,PROK2
12.955318,0.022825558,0.290312355,0.078624135,0.93733159,0.97679722,CPD
20.87156086,0.022440086,0.153539395,0.146151974,0.883801418,0.956514718,TSPAN3
8.316234376,0.022435537,0.226692765,0.098968914,0.921162952,0.97484662,PLXNB2
5.744653712,0.022210731,0.196050337,0.113290962,0.909799882,0.965378627,PTGES2
68.43342639,0.021644909,0.107000185,0.202288525,0.83969117,0.938340203,YWHAQ
3.477901501,0.021379076,0.32088596,0.066625153,0.946880121,0.981267466,ICOSLG
19.03889826,0.020489177,0.151393437,0.135337286,0.892345206,0.959601372,TM2D1
3.179330194,0.020137016,0.236131095,0.085278969,0.932039611,0.97679722,TSPAN17
12.18731098,0.019263839,0.234769463,0.082054277,0.934603552,0.97679722,ATP13A3
5.979759373,0.018424023,0.246852984,0.07463561,0.94050464,0.977131761,TMEM154
5.782470418,0.016492848,0.306250503,0.053854108,0.9570514,0.981608113,SLC44A2
16.85696813,0.015694373,0.137132387,0.114446878,0.908883555,0.965378627,CRTAP
3.299588324,0.014292,0.320289212,0.04462217,0.964408471,0.981608113,TNFRSF10A
2.772423535,0.014220088,0.270642725,0.052541918,0.958096896,0.981608113,LPAR2
5.416756468,0.014013881,0.191510365,0.073175574,0.941666403,0.977131761,GPR107
5.661542375,0.013886782,0.238893657,0.058129557,0.953645431,0.981608113,PPARA
24.90112479,0.013884649,0.114659183,0.121094958,0.903615823,0.963937306,PRKCSH
7.060920566,0.013058371,0.167943613,0.077754497,0.938023343,0.97679722,DPY19L4
12.48968401,0.011340606,0.231334763,0.049022491,0.960901372,0.981608113,SLCO3A1
12.3365727,0.009785356,0.198156282,0.049382012,0.960614863,0.981608113,CD300A
17.90966341,0.009250132,0.176645083,0.052365637,0.958237355,0.981608113,TBXAS1
5.643279969,0.008095643,0.215870015,0.037502397,0.970084429,0.981899424,RFNG
136.8854839,0.007433996,0.20275594,0.03666475,0.970752315,0.981899424,PTPRC
16.75096353,0.007410411,0.123459878,0.060022827,0.952137454,0.981608113,RNF167
78.89354461,0.005561551,0.109149735,0.050953408,0.959362647,0.981608113,SSR4
7.742079071,0.004000126,0.15613543,0.025619594,0.979560757,0.986972314,TCTN3
74.02860618,0.003597741,0.09841793,0.036555745,0.970839231,0.981899424,CANX
151.5307171,0.003173323,0.07676311,0.04133917,0.967025507,0.981899424,HNRNPK
2.412337088,0.003095105,0.312581924,0.009901739,0.992099685,0.993342917,ADCY6
8.339986348,0.002168509,0.2692065,0.008055187,0.99357296,0.99357296,MFSD6
7.286823088,0.002100428,0.157160262,0.013364883,0.989336684,0.991819335,BTN2A1
85.25997702,-0.003329575,0.175748525,-0.018945108,0.984884895,0.990033664,APLP2
10.80349008,-0.003691396,0.197359488,-0.018703921,0.9850773,0.990033664,HEXB
75.15941108,-0.003827977,0.241332121,-0.015861864,0.987344594,0.991065742,CD34
31.02203263,-0.004269995,0.124409672,-0.034322051,0.972620341,0.982457209,ATP1B3
14.30370002,-0.005096993,0.194058209,-0.026265279,0.979045749,0.986972314,EDEM3
4.813928667,-0.006781193,0.176531017,-0.038413604,0.969357915,0.981899424,SLC39A9
10.88540705,-0.008279138,0.163999982,-0.050482554,0.959737852,0.981608113,TMEM131
103.8219073,-0.009407833,0.101059793,-0.093091745,0.925830675,0.975604589,RSL1D1
67.9548117,-0.010006929,0.108577504,-0.092163925,0.9265678,0.975604589,CCT4
5.929894141,-0.010135127,0.225803287,-0.044884764,0.964199161,0.981608113,ERMP1
4048.580809,-0.011244987,0.130203999,-0.086364377,0.931176764,0.97679722,EEF1A1
10.55938512,-0.011780952,0.149075344,-0.079026833,0.93701128,0.97679722,P4HA1
4.771685761,-0.013576817,0.262005938,-0.051818737,0.958673126,0.981608113,NIPAL2
26.7595227,-0.015431399,0.148665919,-0.103799167,0.917328728,0.972076463,SLC39A10
2.403739585,-0.016389872,0.295076341,-0.055544513,0.955704668,0.981608113,TMEM62
37.36497725,-0.017136274,0.112538187,-0.15227075,0.878973394,0.956514718,P4HB
8.986205644,-0.017233476,0.145759538,-0.118232233,0.905883651,0.964755315,TMED7
14.01059979,-0.018172953,0.124650309,-0.145791483,0.884086,0.956514718,ADIPOR1
45.58392039,-0.018687393,0.072571885,-0.257501831,0.796791402,0.920899804,XRCC6
6.172025534,-0.019197556,0.202467552,-0.094817938,0.924459439,0.975604589,SLC8B1
17.01704936,-0.025508649,0.183111154,-0.139306912,0.889207629,0.958808226,PSEN1
52.77597079,-0.025735594,0.212318691,-0.1212121,0.90352304,0.963937306,ANGPT1
26.38991016,-0.026144179,0.136083519,-0.192118625,0.847649286,0.94065525,LTA4H
13.20421718,-0.026265196,0.285746408,-0.091917852,0.926763308,0.975604589,TNFRSF14
6.948591499,-0.030008606,0.233882555,-0.128306301,0.897906579,0.963480473,ITGAV
18.04930791,-0.030166725,0.164932596,-0.182903351,0.854873853,0.943431228,ASPH
10.9745681,-0.032221076,0.148606224,-0.216821849,0.828347184,0.931669701,MMGT1
15.56295632,-0.035669288,0.20469036,-0.174259737,0.86166134,0.946997814,PIEZO1
7.954469867,-0.039674525,0.174991897,-0.226722068,0.820639866,0.931669701,LRRC8B
4.627640497,-0.04078849,0.267169232,-0.152669116,0.878659217,0.956514718,TNFSF13
5.397096554,-0.041326992,0.198733179,-0.207952152,0.835266328,0.935349504,FUT11
3.013501265,-0.0440935,0.245816209,-0.179375886,0.857642565,0.943879352,LMAN2L
12.03822498,-0.045066256,0.205260806,-0.21955607,0.826216908,0.931669701,AKAP11
29.8111106,-0.045640514,0.109131675,-0.4182151,0.675789857,0.853011209,ATRAID
24.73819336,-0.045795948,0.165880345,-0.276078205,0.782488,0.910055185,LNPEP
4.802244594,-0.046669894,0.237664506,-0.196368801,0.844321514,0.94065525,VEGFB
4.044989153,-0.04702886,0.242303857,-0.194090431,0.846105074,0.94065525,ATP13A2
72.7350662,-0.050700048,0.086502485,-0.586110886,0.557801001,0.773274141,SSR2
13.87420796,-0.050851775,0.144204199,-0.352637268,0.724360394,0.875244284,TP53I13
5.093052241,-0.052983916,0.226271719,-0.234160577,0.814860319,0.930701774,LRIG2
97.88502738,-0.053168931,0.143382258,-0.370819455,0.710772009,0.867403502,TPI1
3.558251344,-0.054704045,0.288021673,-0.189930307,0.849363743,0.941250528,CCDC126
4.704792213,-0.055594709,0.44051269,-0.126204558,0.899570003,0.963480473,MMP2
73.89480104,-0.057539569,0.164728292,-0.349299856,0.726864206,0.875244284,CD82
6.493037913,-0.057808208,0.151849817,-0.380693298,0.703430842,0.863350604,INTS12
3.427641426,-0.058027756,0.265114555,-0.218878045,0.826745049,0.931669701,DLG4
4.100519383,-0.058068372,0.263760342,-0.220155811,0.82574981,0.931669701,ABCC4
14.46557432,-0.058324057,0.250829154,-0.232525033,0.816130246,0.930701774,KIT
3.027493699,-0.058631821,0.257601283,-0.227606867,0.819951881,0.931669701,ERMAP
10.50494666,-0.058814378,0.219109185,-0.268424979,0.788372214,0.9132346,SLC12A2
22.00377802,-0.059090612,0.161430384,-0.36604393,0.714332295,0.867403502,HEBP1
3.46049286,-0.063409323,0.23654615,-0.26806322,0.788650656,0.9132346,GPR137
5.795036415,-0.063833104,0.193843935,-0.329301527,0.74192779,0.883457979,LMBR1
8.037905145,-0.064406006,0.164916585,-0.390536862,0.696139603,0.861243932,LMF2
19.16506458,-0.064827636,0.185336092,-0.349784199,0.726500658,0.875244284,CYTH1
10.94307707,-0.064892703,0.160203016,-0.405065425,0.68542942,0.858264624,TGFBR2
12.68357574,-0.067346787,0.240543543,-0.279977528,0.779494745,0.909108701,ENG
3.816818306,-0.067400576,0.201670085,-0.33421207,0.738219537,0.881443384,GBA
2.944110952,-0.067481313,0.302690741,-0.222938147,0.823583647,0.931669701,F2RL1
27.65146799,-0.068326957,0.112099553,-0.609520337,0.542179597,0.763543869,CCDC47
52.34196999,-0.069687615,0.161637595,-0.431134941,0.666370256,0.847818208,CLEC2B
9.763371213,-0.070102618,0.187100694,-0.374678555,0.707899543,0.867403502,KIAA0319L
11.11056536,-0.070225009,0.191717701,-0.366293822,0.714145839,0.867403502,GLA
5.154247255,-0.070471621,0.217667509,-0.323758106,0.746121176,0.885811024,MEGF9
18.61427661,-0.071564938,0.110756709,-0.646145395,0.518185199,0.749837837,GINM1
2.526041334,-0.073617647,0.2510323,-0.29325966,0.769323685,0.902627835,SLC16A5
3.746449217,-0.075542876,0.297529176,-0.253900734,0.799572248,0.920899804,RECK
15.1074647,-0.076548498,0.299526323,-0.255565178,0.798286609,0.920899804,PLAUR
19.97677904,-0.076969304,0.189535144,-0.406095156,0.684672685,0.858264624,P2RX1
9.575216806,-0.078654759,0.164209096,-0.478991485,0.631944686,0.82492906,TM9SF4
12.6713967,-0.079352424,0.253313814,-0.313257389,0.754085121,0.891292916,ERAP2
51.92726396,-0.080439333,0.288706133,-0.278620105,0.780536382,0.909108701,ATP8B4
21.70339404,-0.083164876,0.161179911,-0.515975444,0.60587156,0.807087679,SIGIRR
3.479804909,-0.083428596,0.581323192,-0.143514997,0.885883468,0.956514718,THBS1
5.744025112,-0.084503029,0.242645655,-0.348256921,0.727647243,0.875244284,TRAP1
183.592598,-0.084676189,0.179960132,-0.470527489,0.637978199,0.829753846,MYADM
6.47995537,-0.086048165,0.317675106,-0.270868455,0.786492208,0.9132346,TNFRSF12A
4.512691717,-0.086183638,0.20371357,-0.423062821,0.672249427,0.852114814,HS6ST1
13.75834818,-0.087513056,0.144450593,-0.605833829,0.544625104,0.763543869,GNPTG
21.68808399,-0.087519033,0.141426685,-0.618829701,0.536028554,0.756690485,RCN1
7.142667186,-0.088772556,0.148793977,-0.596613904,0.550765186,0.769338084,APH1B
3.440035124,-0.089520433,0.248650057,-0.360025788,0.718827849,0.87021735,ADCY3
4.696083568,-0.090695889,0.229958884,-0.394400457,0.693285406,0.861243932,ABCC5
5.012964566,-0.09165509,0.210247572,-0.435938873,0.66288108,0.844724056,CHRNB1
108.5270845,-0.093230855,0.115586226,-0.806591387,0.419901937,0.688096321,SNRPD2
4.692434322,-0.093391564,0.217580677,-0.429227289,0.667757826,0.848232914,SLC20A2
32.24871599,-0.094151598,0.169555459,-0.555284969,0.578699759,0.785027347,EVI2B
9.872199897,-0.094297136,0.181228389,-0.520322099,0.602839096,0.805465615,ERAP1
64.23339519,-0.09479648,0.095999598,-0.987467469,0.323413523,0.59794873,PA2G4
45.51046265,-0.094852464,0.11628584,-0.815683701,0.414681063,0.688096321,TGOLN2
14.51321056,-0.099644861,0.111640246,-0.892553225,0.372096478,0.647723498,BAG6
8.608968256,-0.10003001,0.19123278,-0.52307983,0.600918701,0.804244627,RELT
41.32519733,-0.100185999,0.147629427,-0.678631632,0.497371295,0.74268263,STT3B
7.03118126,-0.10150956,0.400429266,-0.253501852,0.79988043,0.920899804,C3orf80
134.454403,-0.103435668,0.13660675,-0.757178313,0.448943041,0.70196769,CD37
5.838971661,-0.104452365,0.267874239,-0.389930607,0.696587861,0.861243932,LTB4R
12.27526734,-0.105400017,0.226195801,-0.465968053,0.641238368,0.831682812,ALCAM
61.54220072,-0.107437645,0.213483836,-0.503258923,0.614782243,0.81461196,FLT3
40.48271594,-0.10804557,0.166254909,-0.649878975,0.5157704,0.749837837,PBXIP1
24.52947615,-0.109487552,0.135412213,-0.808550053,0.418774004,0.688096321,HSD17B12
7.997111711,-0.10988943,0.16639871,-0.660398329,0.508998244,0.748967951,TXNDC15
11.13843222,-0.112183142,0.194738585,-0.57607044,0.564567571,0.77506785,MAN2A1
9.468355322,-0.113168614,0.190215317,-0.594950061,0.551876853,0.769545559,NR2C1
9.797406687,-0.11349644,0.175770531,-0.645708012,0.518468471,0.749837837,SLC9A7
7.597146962,-0.113840502,0.143823855,-0.791527265,0.428636372,0.694686535,TOR3A
5.023437429,-0.11515554,0.207075095,-0.556105214,0.578138931,0.785027347,CLN3
38.65190512,-0.115718398,0.127695011,-0.906209232,0.364825117,0.647723498,CD46
7.456704087,-0.116483019,0.200714362,-0.580342222,0.56168386,0.773768251,ZDHHC5
6.97655751,-0.117062513,0.168754558,-0.693685044,0.487879747,0.735539895,SCAP
14.29191982,-0.117262853,0.180776972,-0.648660341,0.516557944,0.749837837,NRROS
146.6273631,-0.119769729,0.121377093,-0.986757272,0.323761646,0.59794873,CALR
6.713230167,-0.119905091,0.157716859,-0.760255385,0.447101944,0.701835862,B4GALT3
3.285641026,-0.120481378,0.243047066,-0.495712128,0.620097529,0.818938721,NPC1
16.3823035,-0.121696948,0.210218789,-0.578906138,0.562652508,0.773768251,EVI2A
65.67121228,-0.122200354,0.169113477,-0.722593824,0.469929464,0.720894071,ICAM3
10.53414071,-0.123172302,0.166957266,-0.737747478,0.460667915,0.713321054,RARA
11.89029895,-0.124925189,0.142707885,-0.875390936,0.38136123,0.652825917,EBP
3.703420544,-0.126887267,0.236682212,-0.536108168,0.591883795,0.794815382,POMT1
31.11224298,-0.128300388,0.181167732,-0.708185649,0.478829977,0.727348197,TMX4
4.111441739,-0.129199492,0.230402322,-0.560756033,0.574963863,0.785027347,SLC4A2
15.5526862,-0.129968256,0.179985233,-0.722105107,0.470229859,0.720894071,ABCC1
33.52661596,-0.132130631,0.151904945,-0.869824428,0.38439636,0.656266435,BIRC6
9.559835428,-0.133780165,0.210168501,-0.636537657,0.524426045,0.749837837,MAN2B1
25.55734794,-0.13627731,0.138539032,-0.983674475,0.325275594,0.59794873,TOR1AIP2
5.388108207,-0.136887233,0.234497096,-0.583748095,0.559389804,0.773274141,MAN2B2
10.74634702,-0.137837235,0.178837718,-0.770739173,0.440861548,0.697521538,UGGT1
5.382571885,-0.138301647,0.2894803,-0.477758409,0.632822167,0.82492906,ENPP4
2.893614881,-0.138440986,0.2370522,-0.584010551,0.559213213,0.773274141,FKBP7
42.78638288,-0.142376156,0.256067405,-0.55601046,0.578203704,0.785027347,IL1B
6.370651939,-0.142730493,0.171109215,-0.834148487,0.404197315,0.681336824,ZFYVE27
26.76763628,-0.151249414,0.174671942,-0.865905607,0.386541928,0.658522389,CHST12
9.519485201,-0.151777041,0.236759128,-0.641060991,0.521483057,0.749837837,SULT1A1
3.860094571,-0.151888899,0.236702812,-0.64168608,0.521077029,0.749837837,SLC38A9
13.51158688,-0.152015291,0.345777686,-0.439633029,0.660202915,0.844003406,LDLR
24.11272729,-0.153360549,0.125612011,-1.220906727,0.222121337,0.499929432,TMEM87A
15.44527347,-0.155362246,0.225991012,-0.687470906,0.491786029,0.739040885,ITGA6
3.137287885,-0.155634393,0.279766848,-0.55630034,0.578005555,0.785027347,SLC46A3
3.144113432,-0.156298029,0.32266444,-0.484398062,0.628103394,0.824063402,FZD6
14.84792461,-0.156410132,0.290114174,-0.539133024,0.58979507,0.794815382,SPNS3
2.827073653,-0.156616001,0.215336767,-0.727307294,0.467037731,0.719445657,SLC5A6
4.203993375,-0.159713636,0.387983801,-0.411650268,0.680595782,0.857415502,GPR27
2.726612506,-0.163035288,0.250808199,-0.650039706,0.515666574,0.749837837,SLC9A6
3.676186868,-0.165384571,0.352214106,-0.46955692,0.638671609,0.829753846,TMEM217
16.84048948,-0.167359414,0.141603785,-1.181885174,0.237251266,0.515118917,TOR1AIP1
15.01019763,-0.167917133,0.170385301,-0.985514192,0.324371564,0.59794873,GLG1
6.390966051,-0.168225591,0.220295215,-0.763637063,0.445083556,0.701055352,SV2A
4.660490904,-0.168398085,0.351234208,-0.47944671,0.63162087,0.82492906,BMPR2
75.73450915,-0.170213458,0.141425327,-1.203557107,0.228760807,0.507721901,NKTR
7.033955395,-0.171339201,0.275138929,-0.622737037,0.53345734,0.755623519,ITGA9
4.233789786,-0.172386181,0.253124111,-0.681034218,0.495849839,0.74268263,ABCA2
9.818144045,-0.172855402,0.137804016,-1.254356785,0.209712352,0.484277947,TSPAN31
6.327573201,-0.174610811,0.243262172,-0.71778859,0.47288765,0.720894071,EPHB6
5.714008393,-0.174961419,0.272793873,-0.641368583,0.52128324,0.749837837,ATP8B2
18.3714453,-0.175237431,0.152849782,-1.146468308,0.251601433,0.523725268,CASC4
7.039234838,-0.175306314,0.328563174,-0.53355436,0.593649892,0.795849435,PLD4
11.45658592,-0.175852751,0.156180428,-1.125958957,0.260182892,0.529122777,SIL1
6.004889843,-0.176146241,0.19856744,-0.887085217,0.375033022,0.648125445,BSCL2
8.794693864,-0.176499392,0.26408083,-0.668353672,0.50390786,0.744218818,SLC7A5
11.43000099,-0.177663771,0.247404842,-0.718109515,0.472689764,0.720894071,SLC36A4
10.36902172,-0.180451979,0.216760035,-0.832496538,0.405128732,0.681469172,NUP210
6.22699308,-0.181991409,0.158600529,-1.147482983,0.251182062,0.523725268,CANT1
6.44822205,-0.182415843,0.235258147,-0.775385871,0.438111681,0.697521538,SCARB1
22.87396463,-0.18254381,0.174308094,-1.047248041,0.294985193,0.568668301,ATP2B4
3.461029876,-0.183178835,0.221005703,-0.828842118,0.407193752,0.682108723,SIDT2
6.534905943,-0.184801863,0.244652738,-0.755363972,0.450030625,0.702293885,CASD1
3.159317368,-0.185227742,0.262639519,-0.705254648,0.480651778,0.728730116,ATG9A
35.1585798,-0.185706275,0.126277206,-1.470623882,0.141392862,0.399197514,DPP7
35.70327463,-0.186186497,0.149849194,-1.242492488,0.214054911,0.486842447,CD55
5.91370223,-0.187705829,0.189381408,-0.991152356,0.321611191,0.59794873,PIGG
17.33723774,-0.188939721,0.164836744,-1.14622333,0.251702757,0.523725268,GPI
5.724508064,-0.189433712,0.288289588,-0.657095226,0.511119688,0.749837837,CD300LF
4.237683903,-0.190065321,0.566405488,-0.335564053,0.737199635,0.881443384,COL6A2
80.94238167,-0.190556332,0.106969426,-1.781409312,0.074845608,0.280758877,ATRX
5.095247881,-0.19075883,0.243020062,-0.784950957,0.432482324,0.695278424,AARS
7.848593495,-0.192026039,0.219453803,-0.875018051,0.381564084,0.652825917,CCL28
7.036170854,-0.194624735,0.216594768,-0.898566188,0.368883776,0.647723498,THRA
5.879621974,-0.195075849,0.18969111,-1.028386881,0.303767877,0.577882223,TPRA1
2.532959866,-0.198427293,0.319315585,-0.62141437,0.534327019,0.755623519,KIAA1549
12.90275124,-0.198614888,0.222347485,-0.893263479,0.371716091,0.647723498,F2R
8.47176352,-0.19957818,0.17192833,-1.160821956,0.245714312,0.522142914,TMEM9
27.16188337,-0.199881999,0.162240609,-1.232009669,0.217945472,0.491916476,ITPR1
43.19840113,-0.200900183,0.158158273,-1.270247707,0.203996409,0.476700328,NR3C1
8.009843064,-0.201514676,0.339964158,-0.592752711,0.553346659,0.770250837,TMIGD2
19.27324042,-0.202616428,0.195303772,-1.037442471,0.299529694,0.572064966,AGPS
4.039104882,-0.203829494,0.441507393,-0.461667229,0.644319975,0.831682812,SDC4
8.840460701,-0.203898613,0.252987507,-0.80596317,0.420264086,0.688096321,ANO6
29.13306003,-0.20575722,0.231408165,-0.889152809,0.373920961,0.648125445,CD81
5.490963407,-0.205794111,0.204965859,-1.004040928,0.315358887,0.591482982,LRP12
2.982468611,-0.207005145,0.40525073,-0.510807581,0.6094858,0.808935473,MRC2
68.2326404,-0.207286098,0.150835968,-1.374248468,0.169364558,0.43148073,TFPI
17.23937899,-0.207999866,0.175874203,-1.182662737,0.236942838,0.515118917,P2RY8
12.9686877,-0.210170602,0.193883583,-1.084004117,0.278362973,0.551128232,PLXND1
27.51245587,-0.210718741,0.180848285,-1.165168591,0.243950757,0.521167526,LAIR1
3.799679701,-0.211365755,0.259761455,-0.813691758,0.415821557,0.688096321,BTN2A2
4.05825494,-0.211790888,0.219120167,-0.966551324,0.333768378,0.608477394,TMEM161A
11.33145678,-0.213552997,0.270947375,-0.788171493,0.430596402,0.695278424,COL24A1
9.756175963,-0.213964205,0.506895366,-0.422107241,0.672946743,0.852114814,NEGR1
9.521118449,-0.214301002,0.157371128,-1.361755523,0.173275052,0.434002404,GGCX
43.32922874,-0.214515739,0.131047027,-1.636937094,0.101643614,0.338388532,PSAP
27.85012831,-0.21857703,0.119719182,-1.825747776,0.067888263,0.267205528,PTBP1
852.3173425,-0.218981941,0.121829451,-1.797446674,0.072264737,0.276005761,FTL
10.94293484,-0.219791062,0.201129117,-1.092785896,0.274487816,0.548289412,TMEM245
4.840833247,-0.223085793,0.266515416,-0.837046489,0.402566437,0.681336824,TMEM106C
8.077525533,-0.223400423,0.195282938,-1.143983319,0.252630555,0.524290425,CHPF2
11.27919334,-0.224146623,0.173796435,-1.289707826,0.197152121,0.464674174,LMBR1L
9.657222438,-0.226771137,0.210433422,-1.077638405,0.281195156,0.551376563,PKD2
4.263443924,-0.227012081,0.207089846,-1.09620093,0.272990853,0.546665893,TMEM150A
12.87257653,-0.23001747,0.177974108,-1.292420975,0.196211397,0.464674174,LMBRD1
89.10595842,-0.230966867,0.185306985,-1.246401299,0.212617105,0.485374476,ITGA4
4.454425655,-0.231964011,0.334413303,-0.693644688,0.487905061,0.735539895,AEBP1
2.679199061,-0.23314953,0.263123398,-0.886084367,0.375572066,0.648125445,ACVR1
13.55327527,-0.233284492,0.188678494,-1.23641273,0.216305186,0.489597292,MAN2A2
6.177223781,-0.234096481,0.187144921,-1.250883436,0.210977008,0.485374476,CRELD2
8.694292704,-0.234132715,0.231563334,-1.011095802,0.31197058,0.588568329,LRRC8A
30.86160251,-0.237994516,0.139912249,-1.701027015,0.088937914,0.317238364,TTC17
225.5739663,-0.238891956,0.132003614,-1.809737999,0.070336427,0.272809733,EEF1D
135.4088507,-0.240701858,0.150338214,-1.601069023,0.109361632,0.355203025,CD164
4.600254399,-0.241498977,0.257383705,-0.938283863,0.348098551,0.625012903,SLC12A9
9.286940011,-0.242651013,0.313081379,-0.775041345,0.438315229,0.697521538,SLC5A3
4.827460042,-0.245472409,0.293931196,-0.835135612,0.403641358,0.681336824,RXRA
56.4729119,-0.249854646,0.248352557,-1.006048211,0.314392379,0.591057673,SPINT2
8.196355104,-0.251218127,0.16926157,-1.48420062,0.137755705,0.395923772,SLC37A1
16.11749812,-0.254236924,0.15275521,-1.664342082,0.096044087,0.33220444,UBAC2
32.45934524,-0.255096103,0.289452014,-0.881307058,0.378151647,0.651170616,MDK
15.4793595,-0.255358671,0.176909797,-1.443439965,0.148896573,0.403676868,SLC39A8
4.514258973,-0.256072377,0.205382057,-1.246809878,0.212467218,0.485374476,LEMD2
4.163484586,-0.256549747,0.285099526,-0.899860309,0.368194595,0.647723498,SLC15A2
14.57406077,-0.25801429,0.167260251,-1.542591791,0.122929851,0.376325483,ADIPOR2
11.4435003,-0.258029049,0.212675942,-1.213249821,0.225034321,0.503648243,AKR1B1
5.652355239,-0.261693994,0.219664171,-1.191336725,0.233521422,0.514119271,BTN3A1
8.448800358,-0.264223808,0.26842993,-0.984330654,0.324952962,0.59794873,CLEC2D
20.06552627,-0.264619675,0.157601503,-1.67904284,0.093143695,0.326411457,NR1H2
21.78969172,-0.272107828,0.234078974,-1.162461643,0.245047997,0.522115598,CD59
3.236821724,-0.272390308,0.272181278,-1.00076798,0.316938993,0.593054463,ATL1
208.686392,-0.275397243,0.126998154,-2.168513749,0.03011962,0.165682501,HNRNPU
3.768800663,-0.282964621,0.350484478,-0.807352788,0.419463259,0.688096321,TSPAN33
81.57138298,-0.282987575,0.223277767,-1.267423881,0.205003765,0.476700328,GYPC
9.654979384,-0.286715634,0.354267238,-0.809320205,0.418330987,0.688096321,ICAM1
4.128794716,-0.290128688,0.255598515,-1.135095358,0.256335366,0.526402314,CATSPER2
8.094934238,-0.29020533,0.20848597,-1.391965751,0.163932769,0.427134904,SLC22A16
5.421014979,-0.292643792,0.195342176,-1.498108592,0.134105039,0.391825933,LRRC37B
15.45109705,-0.293065016,0.158265883,-1.851725779,0.06406521,0.259647331,MPHOSPH9
8.201121311,-0.294751411,0.157126103,-1.875890801,0.060670276,0.252476826,LYSMD3
5.051636856,-0.296907594,0.23016245,-1.289991459,0.197053624,0.464674174,ATP13A1
5.988864655,-0.29967264,0.212998768,-1.406921942,0.159450536,0.421857545,FLVCR1
24.03762822,-0.301067961,0.117232326,-2.568130917,0.010224853,0.081696577,CHST11
95.48722179,-0.302167398,0.262573835,-1.150790205,0.249818555,0.523725268,BST2
6.630154558,-0.30235207,0.170525372,-1.773062073,0.076218422,0.283248925,LZTFL1
11.12398404,-0.309757732,0.187582351,-1.651315973,0.098674072,0.33407027,CLSTN1
14.28069426,-0.31006605,0.168232994,-1.843075147,0.065318039,0.259647331,CHPT1
24.81004843,-0.312395448,0.127618197,-2.447891087,0.014369508,0.108313559,ATF6B
39.08671646,-0.314871356,0.129120119,-2.438592514,0.014744584,0.109082617,ZC3HAV1
8.560812537,-0.323366509,0.20813442,-1.553642637,0.120269683,0.371025007,ATP8A1
8.655502308,-0.324127122,0.207923036,-1.558880284,0.119024718,0.371025007,P2RX4
11.29446003,-0.324424311,0.180328675,-1.799072224,0.072007257,0.276005761,TMEM106B
3.56655017,-0.325211913,0.196678746,-1.65351834,0.098225417,0.333966416,FAM174A
5.335563578,-0.329536319,0.220604984,-1.493784558,0.135231939,0.391825933,TAX1BP3
56.78365241,-0.331388547,0.121233636,-2.733470343,0.006267077,0.055026311,SYPL1
2.873714518,-0.332542773,0.278109778,-1.195724853,0.23180395,0.513050847,SIRPA
2.483012759,-0.334025382,0.244441357,-1.366484728,0.171786871,0.434002404,SLC38A6
20.83425034,-0.335522508,0.269146058,-1.246618697,0.212537343,0.485374476,PROM1
9.718695932,-0.335618462,0.164999125,-2.034062069,0.041945338,0.199167962,GPR108
18.82439021,-0.336782041,0.165122207,-2.039592662,0.041390913,0.199167962,ATP6V0A2
52.44334538,-0.347884323,0.178064229,-1.953701339,0.050736548,0.225812873,GLS
8.789297133,-0.348450218,0.209866907,-1.660339041,0.096846266,0.3335352,SLC16A7
8.491106413,-0.349753618,0.261918125,-1.33535477,0.181760261,0.447059771,ROBO3
49.9162513,-0.350917243,0.222363136,-1.578126883,0.114536463,0.366058537,NPR3
14.64214561,-0.351979403,0.262922872,-1.338717322,0.180662715,0.447059771,RELL1
3.433725105,-0.353198853,0.417359963,-0.846269129,0.397402625,0.674150101,KCNK17
5.936900478,-0.353815619,0.264563281,-1.33735724,0.181106055,0.447059771,PLXNC1
11.62545932,-0.356692671,0.147780373,-2.413667415,0.015792871,0.111668174,CLN5
47.11191969,-0.360012236,0.190548696,-1.889345057,0.058845608,0.247254486,SORL1
9.219129544,-0.360928983,0.158697179,-2.274325135,0.022946445,0.147856529,STIM1
4.210529097,-0.360970514,0.246453727,-1.464658368,0.143014149,0.399905047,TMEM67
6.502765171,-0.361366199,0.164362355,-2.198594681,0.027906756,0.163952189,RXRB
3.464054773,-0.363149261,0.263754212,-1.376847246,0.16855948,0.43148073,NMB
12.7268225,-0.364758096,0.17888904,-2.039018693,0.041448162,0.199167962,SLC17A9
14.30503416,-0.365170936,0.188544757,-1.936786477,0.05277145,0.231672463,BTN3A2
20.01436124,-0.367419442,0.128203598,-2.865905855,0.004158179,0.044897093,B3GNT2
3.136713222,-0.368623985,0.242317552,-1.521243437,0.128198759,0.385642203,FAM189B
5.005674552,-0.372362837,0.179415427,-2.075422624,0.037947383,0.190810129,PTK7
31.0346534,-0.374989036,0.2161529,-1.734832316,0.08277051,0.303365311,TFRC
2.176284517,-0.375057012,0.273048187,-1.373592758,0.169568147,0.43148073,GLCE
3.391386848,-0.376354853,0.413620331,-0.909904145,0.362873064,0.645736253,TNFSF12
22.48842232,-0.378982248,0.130198835,-2.910796002,0.003605093,0.042403988,ATP1A1
11.89159197,-0.380717749,0.172862868,-2.202426429,0.027635201,0.163559447,ERLIN1
2.619715305,-0.384539107,0.36782691,-1.04543495,0.295821991,0.568668301,CYSLTR2
7.82405183,-0.386283758,0.209340807,-1.845238693,0.065002824,0.259647331,NR2C2
5.445925542,-0.386619802,0.199213179,-1.940734062,0.052290543,0.230829522,SLC43A1
3.77109662,-0.386894176,0.206637672,-1.872331278,0.061160786,0.253199316,SLC2A11
11.88608306,-0.388753514,0.255423587,-1.521995359,0.128010244,0.385642203,PTGER2
40.43703015,-0.392224302,0.137495472,-2.852634313,0.004335849,0.044942279,NOP56
20.28847638,-0.39317052,0.129527943,-3.035410817,0.002402083,0.031987732,MIA3
3.534551518,-0.396697369,0.214492538,-1.849469321,0.064390074,0.259647331,POFUT2
5.832724569,-0.398234058,0.301683789,-1.320037976,0.186822339,0.452210662,PON2
5.504827826,-0.398640499,0.263404634,-1.513414904,0.130174301,0.389227541,MFGE8
3.522398493,-0.399648979,0.301183301,-1.326929406,0.184532036,0.44878458,PPM1L
6.156180081,-0.400377912,0.277647077,-1.442038998,0.149291372,0.403676868,ICAM4
18.53869006,-0.400981869,0.185084919,-2.166475106,0.0302749,0.165682501,PRNP
5.077582454,-0.401028765,0.28052058,-1.429587679,0.152835394,0.409783489,GDF11
24.62618133,-0.403838021,0.274163012,-1.47298506,0.140755064,0.399197514,ADAM28
35.29332752,-0.406469387,0.125930118,-3.227737683,0.001247733,0.021802241,SLC3A2
7.4146626,-0.407700456,0.14133154,-2.884709654,0.003917748,0.04408846,MFSD11
18.48987393,-0.410864796,0.158987505,-2.584258401,0.009758865,0.079359497,SUCO
7.489518221,-0.41339873,0.267930593,-1.542932165,0.122847236,0.376325483,INSR
6.644055157,-0.41558459,0.229224895,-1.812999369,0.069831919,0.272174161,TNFRSF10B
14.18698049,-0.417622241,0.1429694,-2.92106033,0.003488423,0.042231056,TM2D3
11.58253657,-0.421182879,0.28049825,-1.501552609,0.13321269,0.391324179,TNFSF10
4.604776657,-0.42524883,0.20909272,-2.033781138,0.041973667,0.199167962,DGCR2
11.02295896,-0.425847482,0.21429321,-1.987218743,0.046898162,0.214123607,ST8SIA4
20.84618159,-0.429435476,0.155086924,-2.768998598,0.005622888,0.052855145,ST3GAL1
13.2892145,-0.432284568,0.15173848,-2.848878991,0.004387356,0.044942279,BCR
5.005547829,-0.434475899,0.188299962,-2.307360526,0.02103473,0.137760239,TOR1B
6.484300027,-0.436071169,0.290416546,-1.501536932,0.133216742,0.391324179,ABCA1
14.4155081,-0.439662918,0.209419251,-2.099438882,0.03577823,0.188071091,PIK3IP1
43.51087233,-0.443531111,0.191456214,-2.316619046,0.020524493,0.135529503,CSF3R
5.744217987,-0.444837809,0.261927953,-1.698321248,0.089447146,0.317636756,PCYOX1
25.93013089,-0.455949175,0.341510725,-1.335094747,0.181845339,0.447059771,APP
3.975169214,-0.456464696,0.216335328,-2.109986842,0.034859489,0.184455178,SLC23A2
3.950438749,-0.45691986,0.246727408,-1.85192178,0.064037056,0.259647331,IL17RC
6.37337877,-0.46282343,0.474864819,-0.97464249,0.329737629,0.602884132,ADRB2
11.69743132,-0.463492622,0.214330521,-2.162513389,0.030578626,0.166206274,PILRB
2.703274625,-0.475772438,0.314681128,-1.511919198,0.130554419,0.389227541,MANSC1
70.84853764,-0.48114731,0.174510887,-2.757119167,0.00583131,0.053065059,SLC38A2
17.16024672,-0.499891567,0.289963432,-1.723981413,0.084711199,0.307885051,CD109
10.08378188,-0.502645846,0.18684202,-2.690218431,0.007140526,0.061347103,LTBP3
14.53665228,-0.512117604,0.434521814,-1.178577431,0.238566483,0.516570786,RAMP1
4.962570741,-0.516460604,0.358816236,-1.439345692,0.150052603,0.403676868,ABCA7
16.30430628,-0.517406718,0.331557783,-1.560532563,0.118634081,0.371025007,PLXDC2
4.954253341,-0.520980762,0.29242333,-1.781597799,0.074814844,0.280758877,TNFSF4
16.79150011,-0.522202258,0.457337153,-1.141832135,0.253523802,0.524328352,ALDH1A1
8.730321125,-0.522263345,0.295041487,-1.770135277,0.076704608,0.283736027,ATP6V0A1
9.197809468,-0.522482037,0.303128589,-1.723631673,0.084774357,0.307885051,SERINC5
4.187811547,-0.532353443,0.271836497,-1.958358968,0.050187906,0.225281667,BST1
5.208960341,-0.536274448,0.271646988,-1.974159373,0.048363624,0.219559861,NAALADL1
6.261895379,-0.537168051,0.46472553,-1.155882379,0.247729271,0.523725268,IFI30
11.16117622,-0.537518221,0.238028578,-2.258208763,0.023932647,0.151763374,NOTCH1
16.91891311,-0.540721718,0.323404029,-1.67196964,0.094530309,0.328390073,FCGRT
3.147680791,-0.546188525,0.268759349,-2.032258698,0.042127473,0.199167962,BMP1
11.69163208,-0.546328527,0.319674483,-1.709015126,0.087448148,0.314734549,SLC4A7
25.44936971,-0.547729345,0.190484659,-2.875451221,0.004034505,0.044158484,ATP1B1
10.67490467,-0.560877297,0.194930457,-2.877319979,0.004010687,0.044158484,SLC1A5
1171.847312,-0.572887883,0.157524007,-3.636829042,0.000276015,0.006347303,FTH1
8.230740004,-0.576920087,0.267500375,-2.156707583,0.031028456,0.167511731,LDLRAD4
4.168699189,-0.587199164,0.354980063,-1.654175054,0.09809195,0.333966416,PAM
3.783842783,-0.589288617,0.262112692,-2.248226187,0.024561771,0.153319178,BTN3A3
4.264458098,-0.599348068,0.269770296,-2.221697783,0.026303736,0.160411348,MCOLN1
5.457897515,-0.603624807,0.223430839,-2.701618135,0.006900296,0.059927573,BTD
6.472266372,-0.611956139,0.20889485,-2.929493665,0.003395147,0.041734196,C6orf120
10.03856899,-0.616033153,0.296859427,-2.075167897,0.037970977,0.190810129,HTR1F
5.698459247,-0.62153498,0.24560735,-2.530604157,0.011386627,0.089195246,DAGLB
2.587707118,-0.625776188,0.370946108,-1.686973321,0.091608482,0.323872465,COL9A2
6.007769838,-0.63590609,0.231560562,-2.746176133,0.006029438,0.053528014,NR1D2
26.34617496,-0.637645234,0.345442247,-1.845880865,0.064909506,0.259647331,VAMP5
5.871558487,-0.671112056,0.283079597,-2.370753891,0.017751847,0.121228426,SLC16A1
23.32210067,-0.68742984,0.249035132,-2.760372942,0.005773541,0.053065059,SLC40A1
24.30495973,-0.716480661,0.343270105,-2.087221258,0.036868139,0.188831044,SLC2A3
8.008876416,-0.758852227,0.398432985,-1.904591875,0.056833144,0.24154086,OSM
10.26877411,-0.760458686,0.248291558,-3.062764972,0.002193022,0.031323806,CLDN15
16.69953426,-0.761081368,0.269542662,-2.823602627,0.004748722,0.046842332,MMRN1
3.78850583,-0.7621498,0.258374745,-2.949784431,0.003179957,0.039699778,ABCA5
11.88856454,-0.775949714,0.569481411,-1.362554948,0.173022816,0.434002404,TNF
3.235748602,-0.790036896,0.395712517,-1.996492054,0.04588039,0.211898448,TNFRSF21
6.167819668,-0.794488252,0.247217614,-3.213720245,0.001310273,0.02181058,PKD1
8.56367364,-0.844131738,0.354857702,-2.378789392,0.017369597,0.120680938,PTGS1
5.251866299,-0.845124309,0.276846148,-3.052685815,0.002268033,0.031323806,TNFRSF10D
163.4456591,-0.909318892,0.229919016,-3.954952959,7.65E-05,0.002548467,CD69
2.082071853,-0.978695711,0.313547473,-3.121363734,0.001800155,0.027138191,IL12A
29.07426622,-0.996413265,0.231097473,-4.311657986,1.62E-05,0.000761564,PTGER4
7.541220379,-0.997912855,0.455275761,-2.191886632,0.028387694,0.164360632,CFH
6.675640275,-1.033942875,0.19272345,-5.364904359,8.10E-08,9.24E-06,ZNF844
13.58013381,-1.049016752,0.231045489,-4.540303982,5.62E-06,0.000320588,IL6ST
34.47394286,-1.079258609,0.206818636,-5.218381819,1.80E-07,1.44E-05,NEU1
42.21316938,-1.133397346,0.29718208,-3.813814572,0.000136838,0.004038103,CXCL3
51.80649362,-1.136759637,0.346034317,-3.285106652,0.001019438,0.01939359,CXCL2
16.10996506,-1.177042894,0.324462152,-3.627673939,0.000285986,0.006347303,PDE4B
51.30442713,-1.190115325,0.353703874,-3.364722337,0.000766207,0.014931697,CXCR4
25.04909165,-1.237352408,0.470190288,-2.631599245,0.008498404,0.070002319,CLU
2.443078878,-1.301735824,0.455653797,-2.856852796,0.004278642,0.044942279,UGGT2
86.05591981,-1.305355975,0.162770607,-8.019604996,1.06E-15,8.48E-13,SELL
16.47102035,-1.422948479,0.318103309,-4.473227536,7.70E-06,0.000410407,PTGS2
9.583617189,-1.507602536,0.339787296,-4.436900834,9.13E-06,0.000455746,PTCH2
23.38462964,-1.873628341,0.295052128,-6.350160401,2.15E-10,4.30E-08,CD83
53.78987964,-2.044945231,0.592102941,-3.453698825,0.000552955,0.011045267,AVP
42.28336466,-2.065028204,0.393324741,-5.250186388,1.52E-07,1.35E-05,NR4A2
46.58820291,-2.078659943,0.517541407,-4.016412818,5.91E-05,0.002146067,EREG
62.00759445,-2.658979722,0.383131506,-6.94012286,3.92E-12,1.57E-09,NR4A1
96.77904109,-2.819389127,0.528047315,-5.33927367,9.33E-08,9.32E-06,AREG